"result_id","tier","dataset","analysis_population","analysis","outcome","comparison_or_metric","effect_measure","estimate","lower_95","upper_95","p_value","n","events","display_value","destination","submission_status","amendment"
"NHANES_FULL_N","Cohort flow","NHANES 2011<U+2013>2018","albumin phenotype cohort","albumin phenotype cohort","All-cause mortality","total participants","count",4637,,,,4637,831,"4637","Methods/Results cohort flow; participant table","USE","Amendment 17"
"NHANES_P1_COUNT","Cohort flow","NHANES 2011<U+2013>2018","albumin phenotype cohort","albumin phenotype cohort","All-cause mortality","P1 count","count",1152,,,,1152,331,"1152","Methods/Results cohort flow; participant table","USE","Amendment 17"
"NHANES_P2_COUNT","Cohort flow","NHANES 2011<U+2013>2018","albumin phenotype cohort","albumin phenotype cohort","All-cause mortality","P2 count","count",1689,,,,1689,244,"1689","Methods/Results cohort flow; participant table","USE","Amendment 17"
"NHANES_P3_COUNT","Cohort flow","NHANES 2011<U+2013>2018","albumin phenotype cohort","albumin phenotype cohort","All-cause mortality","P3 count","count",1796,,,,1796,256,"1796","Methods/Results cohort flow; participant table","USE","Amendment 17"
"NHANES_PRIMARY_P1","Primary","NHANES 2011<U+2013>2018","fully adjusted survey Cox","fully adjusted survey Cox","All-cause mortality","P1 vs P3 HR","HR",2.08182528490231,1.63116184314601,2.65699969323682,3.8352181755488e-09,3979,720,"2.08 (1.63<U+2013>2.66)","Abstract; main Results; main effect table","USE","Amendment 17"
"NHANES_PRIMARY_P2","Primary","NHANES 2011<U+2013>2018","fully adjusted survey Cox","fully adjusted survey Cox","All-cause mortality","P2 vs P3 HR","HR",1.48755641631928,1.14788662449438,1.92773749995334,0.00267434829669232,3979,720,"1.49 (1.15<U+2013>1.93)","Main Results; main effect table","USE","Amendment 17"
"NHANES_IPW_P1","Key sensitivity","NHANES 2011<U+2013>2018","survey Cox with selection IPW","survey Cox with selection IPW","All-cause mortality","P1 vs P3 HR","HR",2.07336662175349,1.62476348254127,2.64583072822251,4.57801291648528e-09,3979,720,"2.07 (1.62<U+2013>2.65)","Main Results briefly; supplementary table","SUPPORTIVE","Amendment 17"
"NHANES_IPW_P2","Key sensitivity","NHANES 2011<U+2013>2018","survey Cox with selection IPW","survey Cox with selection IPW","All-cause mortality","P2 vs P3 HR","HR",1.47973757213209,1.14294476750797,1.91577348672198,0.00293946886524866,3979,720,"1.48 (1.14<U+2013>1.92)","Main Results briefly; supplementary table","SUPPORTIVE","Amendment 17"
"NHANES_CLUSTER_BOOT_P1","Sensitivity","NHANES 2011<U+2013>2018","cluster-aware bootstrap","cluster-aware bootstrap","All-cause mortality","P1 vs P3 median HR","HR",1.85651933191501,1.39439662064224,2.315750684041,,3979,720,"1.86 (1.39<U+2013>2.32)","Supplementary Results/table; selected P1 result may be summarised in main text","SUPPORTIVE","Amendment 17"
"NHANES_LANDMARK12_P1","Sensitivity","NHANES 2011<U+2013>2018","12-month landmark","12-month landmark","All-cause mortality","P1 vs P3 HR","HR",2.04657864067339,1.56255445020555,2.6805364330885,1.97369843527081e-07,3884,625,"2.05 (1.56<U+2013>2.68)","Supplementary Results/table; selected P1 result may be summarised in main text","SUPPORTIVE","Amendment 17"
"NHANES_LANDMARK24_P1","Sensitivity","NHANES 2011<U+2013>2018","24-month landmark","24-month landmark","All-cause mortality","P1 vs P3 HR","HR",1.93171312384756,1.44582591575033,2.5808885787667,8.42358982860779e-06,3262,504,"1.93 (1.45<U+2013>2.58)","Supplementary Results/table; selected P1 result may be summarised in main text","SUPPORTIVE","Amendment 17"
"NHANES_LOCO_P1","Sensitivity","NHANES 2011<U+2013>2018","survey-weighted pooled leave-one-cycle-out","survey-weighted pooled leave-one-cycle-out","All-cause mortality","P1 vs P3 HR","HR",1.84083582454423,1.4830375414733,2.28495667719849,3.13158262012423e-08,3979,720,"1.84 (1.48<U+2013>2.28)","Supplementary Results/table; selected P1 result may be summarised in main text","SUPPORTIVE","Amendment 17"
"NHANES_RD36_P1","Sensitivity","NHANES 2011<U+2013>2018","standardised survey bootstrap","standardised survey bootstrap","All-cause mortality","P1 vs P3 risk difference percentage points","percentage points",5.012148166396,3.6514403877084,6.36319812784888,,3979,720,"5.01 (3.65<U+2013>6.36)","Supplementary Results/table; selected P1 result may be summarised in main text","SUPPORTIVE","Amendment 17"
"NHANES_RD60_P1","Sensitivity","NHANES 2011<U+2013>2018","standardised survey bootstrap","standardised survey bootstrap","All-cause mortality","P1 vs P3 risk difference percentage points","percentage points",9.45560173150013,6.95922707479177,12.0088031623957,,3979,720,"9.46 (6.96<U+2013>12.01)","Supplementary Results/table; selected P1 result may be summarised in main text","SUPPORTIVE","Amendment 17"
"NHANES_RMST60_P1","Sensitivity","NHANES 2011<U+2013>2018","standardised survey bootstrap","standardised survey bootstrap","All-cause mortality","P1 vs P3 RMST difference months","months",-2.50972353755964,-3.20271489027406,-1.837167328293,,3979,720,"-2.51 (-3.20<U+2013>-1.84)","Supplementary Results/table; selected P1 result may be summarised in main text","SUPPORTIVE","Amendment 17"
"NHANES_TV12_P1","Sensitivity","NHANES 2011<U+2013>2018","weighted robust time-varying Cox","weighted robust time-varying Cox","All-cause mortality","P1 vs P3 HR at 12 months","HR",2.80098386591036,1.84213308113156,4.25892716299894,1.45392642843612e-06,3979,720,"2.80 (1.84<U+2013>4.26)","Supplementary Results/table; selected P1 result may be summarised in main text","SUPPORTIVE","Amendment 17"
"NHANES_TV96_P1","Sensitivity","NHANES 2011<U+2013>2018","weighted robust time-varying Cox","weighted robust time-varying Cox","All-cause mortality","P1 vs P3 HR at 96 months","HR",1.54516477954303,1.08510140169033,2.20028671257915,0.0158262575317507,3979,720,"1.55 (1.09<U+2013>2.20)","Supplementary Results/table; selected P1 result may be summarised in main text","SUPPORTIVE","Amendment 17"
"STRUCT_NHANES_CLARA_P1","Structural sensitivity","NHANES 2011<U+2013>2018","Primary six-feature-complete cohort, relabelled under the stated structural variant","CLARA K-medoids","All-cause mortality","P1 vs P3","HR",1.85698544079617,1.46571688120923,2.35270192459269,2.94056575270083e-07,3979,720,"1.86 (1.47<U+2013>2.35)","Supplementary structural-sensitivity table; P1 range may be summarised in main text","SUPPORTIVE","Amendment 17"
"STRUCT_NHANES_CLARA_P2","Structural sensitivity","NHANES 2011<U+2013>2018","Primary six-feature-complete cohort, relabelled under the stated structural variant","CLARA K-medoids","All-cause mortality","P2 vs P3","HR",1.47108090504948,1.0480536867765,2.06485512765787,0.02566037706385,3979,720,"1.47 (1.05<U+2013>2.06)","Supplementary structural-sensitivity table; P1 range may be summarised in main text","SUPPORTIVE","Amendment 17"
"STRUCT_NHANES_GMM_P1","Structural sensitivity","NHANES 2011<U+2013>2018","Primary six-feature-complete cohort, relabelled under the stated structural variant","Gaussian mixture","All-cause mortality","P1 vs P3","HR",1.79964480416693,1.40021898051727,2.31301065492526,4.45234046874241e-06,3979,720,"1.80 (1.40<U+2013>2.31)","Supplementary structural-sensitivity table; P1 range may be summarised in main text","SUPPORTIVE","Amendment 17"
"STRUCT_NHANES_GMM_P2","Structural sensitivity","NHANES 2011<U+2013>2018","Primary six-feature-complete cohort, relabelled under the stated structural variant","Gaussian mixture","All-cause mortality","P2 vs P3","HR",1.99743222832957,1.61469561105991,2.47089016619716,1.83042124542189e-10,3979,720,"2.00 (1.61<U+2013>2.47)","Supplementary structural-sensitivity table; P1 range may be summarised in main text","SUPPORTIVE","Amendment 17"
"STRUCT_NHANES_NLR5_P1","Structural sensitivity","NHANES 2011<U+2013>2018","Primary six-feature-complete cohort, relabelled under the stated structural variant","Five-feature NLR only","All-cause mortality","P1 vs P3","HR",2.10417480109091,1.71069161856222,2.58816466130066,1.88089997984614e-12,3979,720,"2.10 (1.71<U+2013>2.59)","Supplementary structural-sensitivity table; P1 range may be summarised in main text","SUPPORTIVE","Amendment 17"
"STRUCT_NHANES_NLR5_P2","Structural sensitivity","NHANES 2011<U+2013>2018","Primary six-feature-complete cohort, relabelled under the stated structural variant","Five-feature NLR only","All-cause mortality","P2 vs P3","HR",1.12853060686775,0.875050932310306,1.45543680214679,0.351529371450915,3979,720,"1.13 (0.88<U+2013>1.46)","Supplementary structural-sensitivity table; P1 range may be summarised in main text","SUPPORTIVE","Amendment 17"
"STRUCT_NHANES_SII5_P1","Structural sensitivity","NHANES 2011<U+2013>2018","Primary six-feature-complete cohort, relabelled under the stated structural variant","Five-feature SII only","All-cause mortality","P1 vs P3","HR",1.94093165753697,1.58582365486762,2.37555776625345,1.25392414919444e-10,3979,720,"1.94 (1.59<U+2013>2.38)","Supplementary structural-sensitivity table; P1 range may be summarised in main text","SUPPORTIVE","Amendment 17"
"STRUCT_NHANES_SII5_P2","Structural sensitivity","NHANES 2011<U+2013>2018","Primary six-feature-complete cohort, relabelled under the stated structural variant","Five-feature SII only","All-cause mortality","P2 vs P3","HR",1.20627814170351,0.941211981505297,1.54599280899984,0.138496709035384,3979,720,"1.21 (0.94<U+2013>1.55)","Supplementary structural-sensitivity table; P1 range may be summarised in main text","SUPPORTIVE","Amendment 17"
"NHANES_K3_STABILITY","Diagnostic","NHANES 2011<U+2013>2018","albumin phenotype cohort","albumin phenotype cohort","Not applicable (diagnostic)","K3 median ARI","ARI",0.689793150689997,0.592634464336232,0.965338223410544,,4637,,"0.69 (0.59<U+2013>0.97)","Supplementary methods/results or internal audit only","SUPPLEMENT_OR_INTERNAL","Amendment 17"
"NHANES_PH_PHENOTYPE","Diagnostic","NHANES 2011<U+2013>2018","fully adjusted Cox","fully adjusted Cox","Not applicable (diagnostic)","phenotype PH test","P value",6.15892737451069,,,0.0459839117949635,3979,720,"6.159","Supplementary methods/results or internal audit only","SUPPLEMENT_OR_INTERNAL","Amendment 17"
"MIMIC_FULL_N","Cohort flow","MIMIC-IV v3.1","Albumin six-feature phenotype cohort","Outcome-blind K-means K=3","365-day all-cause mortality","total participants","count",1100,,,,1100,550,"1100","Methods/Results cohort flow; participant table","USE","Amendment 16"
"MIMIC_P1_COUNT","Cohort flow","MIMIC-IV v3.1","Albumin six-feature phenotype cohort","Outcome-blind K-means K=3","365-day all-cause mortality","P1 count","count",442,,,,442,264,"442","Methods/Results cohort flow; participant table","USE","Amendment 16"
"MIMIC_P2_COUNT","Cohort flow","MIMIC-IV v3.1","Albumin six-feature phenotype cohort","Outcome-blind K-means K=3","365-day all-cause mortality","P2 count","count",257,,,,257,142,"257","Methods/Results cohort flow; participant table","USE","Amendment 16"
"MIMIC_P3_COUNT","Cohort flow","MIMIC-IV v3.1","Albumin six-feature phenotype cohort","Outcome-blind K-means K=3","365-day all-cause mortality","P3 count","count",401,,,,401,144,"401","Methods/Results cohort flow; participant table","USE","Amendment 16"
"MIMIC_PRIMARY_P1","Primary","MIMIC-IV v3.1","Albumin six-feature phenotype cohort","Official OASIS quartile-stratified Cox","365-day all-cause mortality","P1 vs P3","HR",1.80940221557217,1.47256688821559,2.22328534202254,1.67704257885748e-08,1100,550,"1.81 (1.47<U+2013>2.22)","Abstract; main Results; main effect table","USE","Amendment 16"
"MIMIC_PRIMARY_P2","Primary","MIMIC-IV v3.1","Albumin six-feature phenotype cohort","Official OASIS quartile-stratified Cox","365-day all-cause mortality","P2 vs P3","HR",1.8399832874602,1.4586520759854,2.32100481936086,2.66120419754656e-07,1100,550,"1.84 (1.46<U+2013>2.32)","Main Results; main effect table","USE","Amendment 16"
"MIMIC_IPW_P1","Key sensitivity","MIMIC-IV v3.1","Albumin six-feature phenotype cohort","Selection-IPW official OASIS quartile-stratified Cox","365-day all-cause mortality","P1 vs P3","HR",1.94738999133244,1.47912209037081,2.56390449647806,2.03876729691628e-06,1100,550,"1.95 (1.48<U+2013>2.56)","Main Results briefly; supplementary table","SUPPORTIVE","Amendment 16"
"MIMIC_IPW_P2","Key sensitivity","MIMIC-IV v3.1","Albumin six-feature phenotype cohort","Selection-IPW official OASIS quartile-stratified Cox","365-day all-cause mortality","P2 vs P3","HR",1.29576394277248,0.942598381754356,1.78125087830549,0.110513317261407,1100,550,"1.30 (0.94<U+2013>1.78)","Main Results briefly; supplementary table","SUPPORTIVE","Amendment 16"
"MIMIC_SOFA_IPW_P1","Key sensitivity","MIMIC-IV v3.1","Albumin six-feature phenotype cohort","Selection-IPW official first-day SOFA quartile-stratified Cox","365-day all-cause mortality","P1 vs P3","HR",1.99109273000827,1.52181001883914,2.60508881556445,5.11453271842064e-07,1100,550,"1.99 (1.52<U+2013>2.61)","Main Results briefly; supplementary table","SUPPORTIVE","Amendment 16"
"MIMIC_SOFA_IPW_P2","Key sensitivity","MIMIC-IV v3.1","Albumin six-feature phenotype cohort","Selection-IPW official first-day SOFA quartile-stratified Cox","365-day all-cause mortality","P2 vs P3","HR",1.12617954668788,0.803634645896429,1.57818030600633,0.490056165566778,1100,550,"1.13 (0.80<U+2013>1.58)","Main Results briefly; supplementary table","SUPPORTIVE","Amendment 16"
"MIMIC_HOSPITAL_P1","Sensitivity","MIMIC-IV v3.1","Albumin six-feature phenotype cohort","Hospital mortality official OASIS adjusted logistic model","In-hospital mortality","P1 vs P3","OR",2.37789493354664,1.64925478893003,3.42844801963868,3.48209293340907e-06,1100,264,"2.38 (1.65<U+2013>3.43)","Supplementary Results/table; selected P1 result may be summarised in main text","SUPPORTIVE","Amendment 16"
"MIMIC_HOSPITAL_P2","Sensitivity","MIMIC-IV v3.1","Albumin six-feature phenotype cohort","Hospital mortality official OASIS adjusted logistic model","In-hospital mortality","P2 vs P3","OR",2.82108028548783,1.87258022855559,4.25001495573134,7.03745814745395e-07,1100,264,"2.82 (1.87<U+2013>4.25)","Supplementary Results/table; selected P1 result may be summarised in main text","SUPPORTIVE","Amendment 16"
"MIMIC_LANDMARK24_P1","Sensitivity","MIMIC-IV v3.1","24-hour landmark cohort","24-hour landmark official OASIS quartile-stratified Cox","365-day all-cause mortality","P1 vs P3","HR",1.78502247156354,1.44151640930512,2.21038428936286,1.07534430076114e-07,1053,503,"1.79 (1.44<U+2013>2.21)","Supplementary Results/table; selected P1 result may be summarised in main text","SUPPORTIVE","Amendment 16"
"MIMIC_LANDMARK24_P2","Sensitivity","MIMIC-IV v3.1","24-hour landmark cohort","24-hour landmark official OASIS quartile-stratified Cox","365-day all-cause mortality","P2 vs P3","HR",1.80315119818773,1.41658416090612,2.29520725506778,1.67735445064921e-06,1053,503,"1.80 (1.42<U+2013>2.30)","Supplementary Results/table; selected P1 result may be summarised in main text","SUPPORTIVE","Amendment 16"
"MIMIC_OASIS_CONT_P1","Sensitivity","MIMIC-IV v3.1","Albumin six-feature phenotype cohort","Official OASIS continuous adjusted Cox","365-day all-cause mortality","P1 vs P3","HR",1.76213000066409,1.43376060666918,2.16570473815291,7.26844401081749e-08,1100,550,"1.76 (1.43<U+2013>2.17)","Supplementary Results/table; selected P1 result may be summarised in main text","SUPPORTIVE","Amendment 16"
"MIMIC_OASIS_CONT_P2","Sensitivity","MIMIC-IV v3.1","Albumin six-feature phenotype cohort","Official OASIS continuous adjusted Cox","365-day all-cause mortality","P2 vs P3","HR",1.82309737897094,1.44534911992388,2.29957178331126,3.98994364478248e-07,1100,550,"1.82 (1.45<U+2013>2.30)","Supplementary Results/table; selected P1 result may be summarised in main text","SUPPORTIVE","Amendment 16"
"MIMIC_SOFA_CONT_P1","Sensitivity","MIMIC-IV v3.1","Albumin six-feature phenotype cohort","Official first-day SOFA continuous adjusted Cox","365-day all-cause mortality","P1 vs P3","HR",1.66557568692343,1.35392335593078,2.048965590791,1.38763197648029e-06,1100,550,"1.67 (1.35<U+2013>2.05)","Supplementary Results/table; selected P1 result may be summarised in main text","SUPPORTIVE","Amendment 16"
"MIMIC_SOFA_CONT_P2","Sensitivity","MIMIC-IV v3.1","Albumin six-feature phenotype cohort","Official first-day SOFA continuous adjusted Cox","365-day all-cause mortality","P2 vs P3","HR",1.56251653638136,1.23640977361877,1.97463492974456,0.000186340778286597,1100,550,"1.56 (1.24<U+2013>1.97)","Supplementary Results/table; selected P1 result may be summarised in main text","SUPPORTIVE","Amendment 16"
"MIMIC_SOFA_HOSPITAL_P1","Sensitivity","MIMIC-IV v3.1","Albumin six-feature phenotype cohort","Hospital mortality official first-day SOFA adjusted logistic model","In-hospital mortality","P1 vs P3","OR",2.04124418004105,1.39692548516553,2.98274879139866,0.000226561109880447,1100,264,"2.04 (1.40<U+2013>2.98)","Supplementary Results/table; selected P1 result may be summarised in main text","SUPPORTIVE","Amendment 16"
"MIMIC_SOFA_HOSPITAL_P2","Sensitivity","MIMIC-IV v3.1","Albumin six-feature phenotype cohort","Hospital mortality official first-day SOFA adjusted logistic model","In-hospital mortality","P2 vs P3","OR",2.14266344794657,1.40303040964987,3.27220751566745,0.000419427888284835,1100,264,"2.14 (1.40<U+2013>3.27)","Supplementary Results/table; selected P1 result may be summarised in main text","SUPPORTIVE","Amendment 16"
"MIMIC_SOFA_LANDMARK24_P1","Sensitivity","MIMIC-IV v3.1","24-hour landmark cohort","24-hour landmark official first-day SOFA quartile-stratified Cox","365-day all-cause mortality","P1 vs P3","HR",1.71713476732427,1.38521970964628,2.12858060610954,8.0806784038743e-07,1053,503,"1.72 (1.39<U+2013>2.13)","Supplementary Results/table; selected P1 result may be summarised in main text","SUPPORTIVE","Amendment 16"
"MIMIC_SOFA_LANDMARK24_P2","Sensitivity","MIMIC-IV v3.1","24-hour landmark cohort","24-hour landmark official first-day SOFA quartile-stratified Cox","365-day all-cause mortality","P2 vs P3","HR",1.60860082143904,1.26223240074023,2.05001598851119,0.0001218394891007,1053,503,"1.61 (1.26<U+2013>2.05)","Supplementary Results/table; selected P1 result may be summarised in main text","SUPPORTIVE","Amendment 16"
"MIMIC_SOFA_QUARTILE_P1","Sensitivity","MIMIC-IV v3.1","Albumin six-feature phenotype cohort","Official first-day SOFA quartile-stratified Cox","365-day all-cause mortality","P1 vs P3","HR",1.72530872816487,1.40242029559485,2.12253788456426,2.48160098915487e-07,1100,550,"1.73 (1.40<U+2013>2.12)","Supplementary Results/table; selected P1 result may be summarised in main text","SUPPORTIVE","Amendment 16"
"MIMIC_SOFA_QUARTILE_P2","Sensitivity","MIMIC-IV v3.1","Albumin six-feature phenotype cohort","Official first-day SOFA quartile-stratified Cox","365-day all-cause mortality","P2 vs P3","HR",1.60614524141613,1.27149178018358,2.02887865791096,7.04084460013684e-05,1100,550,"1.61 (1.27<U+2013>2.03)","Supplementary Results/table; selected P1 result may be summarised in main text","SUPPORTIVE","Amendment 16"
"STRUCT_MIMIC_CLARA_P1","Structural sensitivity","MIMIC-IV v3.1","Primary six-feature-complete cohort, relabelled under the stated structural variant","CLARA K-medoids","365-day all-cause mortality","P1 vs P3","HR",1.91806413517792,1.56651668109638,2.34850357551314,2.87664309078863e-10,1100,550,"1.92 (1.57<U+2013>2.35)","Supplementary structural-sensitivity table; P1 range may be summarised in main text","SUPPORTIVE","Amendment 17"
"STRUCT_MIMIC_CLARA_P2","Structural sensitivity","MIMIC-IV v3.1","Primary six-feature-complete cohort, relabelled under the stated structural variant","CLARA K-medoids","365-day all-cause mortality","P2 vs P3","HR",1.55883334268232,1.25736531585364,1.93258185160643,5.15289101076906e-05,1100,550,"1.56 (1.26<U+2013>1.93)","Supplementary structural-sensitivity table; P1 range may be summarised in main text","SUPPORTIVE","Amendment 17"
"STRUCT_MIMIC_GMM_P1","Structural sensitivity","MIMIC-IV v3.1","Primary six-feature-complete cohort, relabelled under the stated structural variant","Gaussian mixture","365-day all-cause mortality","P1 vs P3","HR",1.80288747865297,1.33617334625867,2.43262093933015,0.000115219589589656,1100,550,"1.80 (1.34<U+2013>2.43)","Supplementary structural-sensitivity table; P1 range may be summarised in main text","SUPPORTIVE","Amendment 17"
"STRUCT_MIMIC_GMM_P2","Structural sensitivity","MIMIC-IV v3.1","Primary six-feature-complete cohort, relabelled under the stated structural variant","Gaussian mixture","365-day all-cause mortality","P2 vs P3","HR",3.31770211488296,2.36756292580849,4.64914668290817,3.24935152477774e-12,1100,550,"3.32 (2.37<U+2013>4.65)","Supplementary structural-sensitivity table; P1 range may be summarised in main text","SUPPORTIVE","Amendment 17"
"STRUCT_MIMIC_NLR5_P1","Structural sensitivity","MIMIC-IV v3.1","Primary six-feature-complete cohort, relabelled under the stated structural variant","Five-feature NLR only","365-day all-cause mortality","P1 vs P3","HR",1.73509607406462,1.39531278140513,2.15762259642079,7.2041283637771e-07,1100,550,"1.74 (1.40<U+2013>2.16)","Supplementary structural-sensitivity table; P1 range may be summarised in main text","SUPPORTIVE","Amendment 17"
"STRUCT_MIMIC_NLR5_P2","Structural sensitivity","MIMIC-IV v3.1","Primary six-feature-complete cohort, relabelled under the stated structural variant","Five-feature NLR only","365-day all-cause mortality","P2 vs P3","HR",1.70617256091801,1.37862721865659,2.11153875988765,8.99973699895563e-07,1100,550,"1.71 (1.38<U+2013>2.11)","Supplementary structural-sensitivity table; P1 range may be summarised in main text","SUPPORTIVE","Amendment 17"
"STRUCT_MIMIC_SII5_P1","Structural sensitivity","MIMIC-IV v3.1","Primary six-feature-complete cohort, relabelled under the stated structural variant","Five-feature SII only","365-day all-cause mortality","P1 vs P3","HR",1.7398764816055,1.40288676997123,2.15781503970275,4.60426466048114e-07,1100,550,"1.74 (1.40<U+2013>2.16)","Supplementary structural-sensitivity table; P1 range may be summarised in main text","SUPPORTIVE","Amendment 17"
"STRUCT_MIMIC_SII5_P2","Structural sensitivity","MIMIC-IV v3.1","Primary six-feature-complete cohort, relabelled under the stated structural variant","Five-feature SII only","365-day all-cause mortality","P2 vs P3","HR",1.80627483260876,1.46173167428926,2.23202987819374,4.3602865168673e-08,1100,550,"1.81 (1.46<U+2013>2.23)","Supplementary structural-sensitivity table; P1 range may be summarised in main text","SUPPORTIVE","Amendment 17"
"MIMIC_PH_OASIS_GLOBAL","Diagnostic","MIMIC-IV v3.1","Albumin six-feature phenotype cohort","Official OASIS quartile-stratified Cox","Proportional-hazards diagnostic","GLOBAL PH test","P value",0.277463451232873,,,0.277463451232873,1100,550,"0.277","Supplementary methods/results or internal audit only","SUPPLEMENT_OR_INTERNAL","Amendment 16"
"MIMIC_PH_OASIS_MALE","Diagnostic","MIMIC-IV v3.1","Albumin six-feature phenotype cohort","Official OASIS quartile-stratified Cox","Proportional-hazards diagnostic","male PH test","P value",0.0939887176860035,,,0.0939887176860035,1100,550,"0.094","Supplementary methods/results or internal audit only","SUPPLEMENT_OR_INTERNAL","Amendment 16"
"MIMIC_PH_OASIS_PHENOTYPE","Diagnostic","MIMIC-IV v3.1","Albumin six-feature phenotype cohort","Official OASIS quartile-stratified Cox","Proportional-hazards diagnostic","phenotype PH test","P value",0.577638441989073,,,0.577638441989073,1100,550,"0.578","Supplementary methods/results or internal audit only","SUPPLEMENT_OR_INTERNAL","Amendment 16"
"MIMIC_PH_SOFA_ANCHOR_AGE","Diagnostic","MIMIC-IV v3.1","Albumin six-feature phenotype cohort","Official first-day SOFA quartile-stratified Cox","Proportional-hazards diagnostic","anchor_age PH test","P value",0.443727317408038,,,0.443727317408038,1100,550,"0.444","Supplementary methods/results or internal audit only","SUPPLEMENT_OR_INTERNAL","Amendment 16"
"MIMIC_PH_SOFA_GLOBAL","Diagnostic","MIMIC-IV v3.1","Albumin six-feature phenotype cohort","Official first-day SOFA quartile-stratified Cox","Proportional-hazards diagnostic","GLOBAL PH test","P value",0.180301990852281,,,0.180301990852281,1100,550,"0.180","Supplementary methods/results or internal audit only","SUPPLEMENT_OR_INTERNAL","Amendment 16"
"MIMIC_PH_SOFA_MALE","Diagnostic","MIMIC-IV v3.1","Albumin six-feature phenotype cohort","Official first-day SOFA quartile-stratified Cox","Proportional-hazards diagnostic","male PH test","P value",0.0172252482765935,,,0.0172252482765935,1100,550,"0.017","Supplementary methods/results or internal audit only","SUPPLEMENT_OR_INTERNAL","Amendment 16"
"MIMIC_PH_SOFA_PHENOTYPE","Diagnostic","MIMIC-IV v3.1","Albumin six-feature phenotype cohort","Official first-day SOFA quartile-stratified Cox","Proportional-hazards diagnostic","phenotype PH test","P value",0.79024770645699,,,0.79024770645699,1100,550,"0.790","Supplementary methods/results or internal audit only","SUPPLEMENT_OR_INTERNAL","Amendment 16"
"MIMIC_SELECTION_ESS","Diagnostic","MIMIC-IV v3.1","Selected primary cohort","Selection model diagnostics","Not applicable (diagnostic)","selection-weight effective sample size","effective sample size",616.233893461425,,,,1100,,"616.2","Supplementary methods/results or internal audit only","SUPPLEMENT_OR_INTERNAL","Amendment 16"
"MIMIC_SELECTION_FRACTION","Diagnostic","MIMIC-IV v3.1","Candidate denominator","Selection model diagnostics","Not applicable (diagnostic)","primary model selection percent","percent",3.26690623979092,,,,33671,,"3.267","Supplementary methods/results or internal audit only","SUPPLEMENT_OR_INTERNAL","Amendment 16"
"MIMIC_SELECTION_MAX_WEIGHT","Diagnostic","MIMIC-IV v3.1","Selected primary cohort","Selection model diagnostics","Not applicable (diagnostic)","maximum truncated stabilised weight","weight",4.58147351451058,,,,1100,,"4.581","Supplementary methods/results or internal audit only","SUPPLEMENT_OR_INTERNAL","Amendment 16"
"EICU_FEATURE_COMPLETE_N","Cohort flow","eICU-CRD v2.0","outcome-blind albumin six-feature cohort","outcome-blind albumin six-feature cohort","ICU mortality","total stays","count",15242,,,,15242,,"15242","Methods/Results cohort flow; participant table","USE","Amendments 17<U+2013>18"
"EICU_P1_COUNT","Cohort flow","eICU-CRD v2.0","outcome-blind albumin six-feature cohort","outcome-blind albumin six-feature cohort","ICU mortality","P1 count","count",5737,,,,5737,1143,"5737","Methods/Results cohort flow; participant table","USE","Amendments 17<U+2013>18"
"EICU_P2_COUNT","Cohort flow","eICU-CRD v2.0","outcome-blind albumin six-feature cohort","outcome-blind albumin six-feature cohort","ICU mortality","P2 count","count",4337,,,,4337,679,"4337","Methods/Results cohort flow; participant table","USE","Amendments 17<U+2013>18"
"EICU_P3_COUNT","Cohort flow","eICU-CRD v2.0","outcome-blind albumin six-feature cohort","outcome-blind albumin six-feature cohort","ICU mortality","P3 count","count",5168,,,,5168,409,"5168","Methods/Results cohort flow; participant table","USE","Amendments 17<U+2013>18"
"EICU_PRIMARY_P1","Primary","eICU-CRD v2.0","APACHE-adjusted hospital random-intercept","APACHE-adjusted hospital random-intercept","In-hospital mortality","P1 vs P3 OR","OR",1.42667823535341,1.23790134518877,1.64424313386679,9.23917924242112e-07,13234,1990,"1.43 (1.24<U+2013>1.64)","Abstract; main Results; main effect table","USE","Amendments 17<U+2013>18"
"EICU_PRIMARY_P2","Primary","eICU-CRD v2.0","APACHE-adjusted hospital random-intercept","APACHE-adjusted hospital random-intercept","In-hospital mortality","P2 vs P3 OR","OR",1.08413860415248,0.928011429744573,1.26653236731921,0.308543035993204,13234,1990,"1.08 (0.93<U+2013>1.27)","Main Results; main effect table","USE","Amendments 17<U+2013>18"
"EICU_IPW_P1","Key sensitivity","eICU-CRD v2.0","selection-IPW APACHE-adjusted hospital random-intercept","selection-IPW APACHE-adjusted hospital random-intercept","In-hospital mortality","P1 vs P3 OR","OR",1.21186261505101,1.04701136814601,1.4026695816673,0.0100007507360449,13234,1990,"1.21 (1.05<U+2013>1.40)","Main Results briefly; supplementary table","SUPPORTIVE","Amendments 17<U+2013>18"
"EICU_IPW_P2","Key sensitivity","eICU-CRD v2.0","selection-IPW APACHE-adjusted hospital random-intercept","selection-IPW APACHE-adjusted hospital random-intercept","In-hospital mortality","P2 vs P3 OR","OR",0.962541752118029,0.821044682858673,1.12842412101696,0.637912040566093,13234,1990,"0.96 (0.82<U+2013>1.13)","Main Results briefly; supplementary table","SUPPORTIVE","Amendments 17<U+2013>18"
"EICU_HOSPITAL_LANDMARK24_P1","Sensitivity","eICU-CRD v2.0","24-hour hospital-mortality landmark APACHE-adjusted","24-hour hospital-mortality landmark APACHE-adjusted","ICU mortality","P1 vs P3 OR","OR",1.43961717768452,1.24362413561018,1.66649838881383,1.06071331754632e-06,12699,1733,"1.44 (1.24<U+2013>1.67)","Supplementary Results/table; selected P1 result may be summarised in main text","SUPPORTIVE","Amendments 17<U+2013>18"
"EICU_ICU_LANDMARK24_P1","Sensitivity","eICU-CRD v2.0","24-hour ICU-mortality landmark APACHE-adjusted","24-hour ICU-mortality landmark APACHE-adjusted","ICU mortality","P1 vs P3 OR","OR",1.28938589112141,1.06598595405108,1.55960401720574,0.00883796276813423,10820,974,"1.29 (1.07<U+2013>1.56)","Supplementary Results/table; selected P1 result may be summarised in main text","SUPPORTIVE","Amendments 17<U+2013>18"
"EICU_ICU_P1","Sensitivity","eICU-CRD v2.0","APACHE-adjusted ICU random-intercept","APACHE-adjusted ICU random-intercept","ICU mortality","P1 vs P3 OR","OR",1.28241833338942,1.07208641956712,1.53401512396487,0.0064971839739451,13234,1222,"1.28 (1.07<U+2013>1.53)","Supplementary Results/table; selected P1 result may be summarised in main text","SUPPORTIVE","Amendments 17<U+2013>18"
"EICU_ICU_P2","Sensitivity","eICU-CRD v2.0","APACHE-adjusted ICU random-intercept","APACHE-adjusted ICU random-intercept","ICU mortality","P2 vs P3 OR","OR",1.15592486643917,0.953383220558746,1.40149550363318,0.140404080427363,13234,1222,"1.16 (0.95<U+2013>1.40)","Supplementary Results/table; selected P1 result may be summarised in main text","SUPPORTIVE","Amendments 17<U+2013>18"
"STRUCT_EICU_CLARA_P1","Structural sensitivity","eICU-CRD v2.0","Primary six-feature-complete cohort, relabelled under the stated structural variant","CLARA K-medoids","In-hospital mortality","P1 vs P3","OR",1.57707474038684,1.36588602490807,1.820916746647,5.27064851783024e-10,13234,1990,"1.58 (1.37<U+2013>1.82)","Supplementary structural-sensitivity table; P1 range may be summarised in main text","SUPPORTIVE","Amendment 17"
"STRUCT_EICU_CLARA_P2","Structural sensitivity","eICU-CRD v2.0","Primary six-feature-complete cohort, relabelled under the stated structural variant","CLARA K-medoids","In-hospital mortality","P2 vs P3","OR",1.17003503133619,1.00716728725472,1.35923991165894,0.040035176313983,13234,1990,"1.17 (1.01<U+2013>1.36)","Supplementary structural-sensitivity table; P1 range may be summarised in main text","SUPPORTIVE","Amendment 17"
"STRUCT_EICU_GMM_P1","Structural sensitivity","eICU-CRD v2.0","Primary six-feature-complete cohort, relabelled under the stated structural variant","Gaussian mixture","In-hospital mortality","P1 vs P3","OR",1.42330937472416,1.24763208423661,1.62372353338221,1.50668660906405e-07,13234,1990,"1.42 (1.25<U+2013>1.62)","Supplementary structural-sensitivity table; P1 range may be summarised in main text","SUPPORTIVE","Amendment 17"
"STRUCT_EICU_GMM_P2","Structural sensitivity","eICU-CRD v2.0","Primary six-feature-complete cohort, relabelled under the stated structural variant","Gaussian mixture","In-hospital mortality","P2 vs P3","OR",1.70273109450559,1.46059003676364,1.98501503311662,1.04122077683847e-11,13234,1990,"1.70 (1.46<U+2013>1.99)","Supplementary structural-sensitivity table; P1 range may be summarised in main text","SUPPORTIVE","Amendment 17"
"STRUCT_EICU_NLR5_P1","Structural sensitivity","eICU-CRD v2.0","Primary six-feature-complete cohort, relabelled under the stated structural variant","Five-feature NLR only","In-hospital mortality","P1 vs P3","OR",1.17580540415157,1.01711014397482,1.35926119370831,0.0285717988431007,13234,1990,"1.18 (1.02<U+2013>1.36)","Supplementary structural-sensitivity table; P1 range may be summarised in main text","SUPPORTIVE","Amendment 17"
"STRUCT_EICU_NLR5_P2","Structural sensitivity","eICU-CRD v2.0","Primary six-feature-complete cohort, relabelled under the stated structural variant","Five-feature NLR only","In-hospital mortality","P2 vs P3","OR",1.26697998072741,1.10349245608718,1.45468894029052,0.000787578520318624,13234,1990,"1.27 (1.10<U+2013>1.45)","Supplementary structural-sensitivity table; P1 range may be summarised in main text","SUPPORTIVE","Amendment 17"
"STRUCT_EICU_SII5_P1","Structural sensitivity","eICU-CRD v2.0","Primary six-feature-complete cohort, relabelled under the stated structural variant","Five-feature SII only","In-hospital mortality","P1 vs P3","OR",1.20941538376533,1.04827663569731,1.39532402104458,0.00915356566133901,13234,1990,"1.21 (1.05<U+2013>1.40)","Supplementary structural-sensitivity table; P1 range may be summarised in main text","SUPPORTIVE","Amendment 17"
"STRUCT_EICU_SII5_P2","Structural sensitivity","eICU-CRD v2.0","Primary six-feature-complete cohort, relabelled under the stated structural variant","Five-feature SII only","In-hospital mortality","P2 vs P3","OR",1.31927482333167,1.14814936426645,1.51590560744578,9.26773420000887e-05,13234,1990,"1.32 (1.15<U+2013>1.52)","Supplementary structural-sensitivity table; P1 range may be summarised in main text","SUPPORTIVE","Amendment 17"
"EICU_HIGHINFO_RI_P1","Hospital heterogeneity","eICU-CRD v2.0","17 high-information hospitals random-intercept","17 high-information hospitals random-intercept","In-hospital mortality","P1 vs P3 OR","OR",1.31609280685626,1.06312332494005,1.6292562072763,0.0116672049344634,4949,869,"1.32 (1.06<U+2013>1.63)","Main Results briefly; supplementary table","SUPPORTIVE","Amendments 17<U+2013>18"
"EICU_LOO_OR_MAX","Hospital heterogeneity","eICU-CRD v2.0","leave-one-hospital-out meta-analysis","leave-one-hospital-out meta-analysis","ICU mortality","maximum pooled P1 vs P3 OR","OR",1.42003709964127,,,,3602,622,"1.420","Main Results briefly; supplementary table","SUPPORTIVE","Amendments 17<U+2013>18"
"EICU_LOO_OR_MIN","Hospital heterogeneity","eICU-CRD v2.0","leave-one-hospital-out meta-analysis","leave-one-hospital-out meta-analysis","ICU mortality","minimum pooled P1 vs P3 OR","OR",1.27768494122664,,,,3602,622,"1.278","Main Results briefly; supplementary table","SUPPORTIVE","Amendments 17<U+2013>18"
"EICU_META_I2","Hospital heterogeneity","eICU-CRD v2.0","17 high-information hospitals REML Hartung-Knapp","17 high-information hospitals REML Hartung-Knapp","ICU mortality","I-squared percent","percent",19.4709002225223,,,,3602,622,"19.47","Main Results briefly; supplementary table","SUPPORTIVE","Amendments 17<U+2013>18"
"EICU_META_P1","Hospital heterogeneity","eICU-CRD v2.0","17 high-information hospitals REML Hartung-Knapp","17 high-information hospitals REML Hartung-Knapp","ICU mortality","P1 vs P3 pooled OR","OR",1.34989868290566,1.01868950132453,1.78879477185259,0.0381700191567434,3602,622,"1.35 (1.02<U+2013>1.79)","Main Results briefly; supplementary table","SUPPORTIVE","Amendments 17<U+2013>18"
"EICU_META_PREDICTION_HIGH","Hospital heterogeneity","eICU-CRD v2.0","17 high-information hospitals REML Hartung-Knapp","17 high-information hospitals REML Hartung-Knapp","ICU mortality","prediction interval upper bound","value",2.38494385387056,,,,3602,622,"2.385","Main Results briefly; supplementary table","SUPPORTIVE","Amendments 17<U+2013>18"
"EICU_META_PREDICTION_LOW","Hospital heterogeneity","eICU-CRD v2.0","17 high-information hospitals REML Hartung-Knapp","17 high-information hospitals REML Hartung-Knapp","ICU mortality","prediction interval lower bound","value",0.764054235974202,,,,3602,622,"0.764","Main Results briefly; supplementary table","SUPPORTIVE","Amendments 17<U+2013>18"
"EICU_META_TAU2","Hospital heterogeneity","eICU-CRD v2.0","17 high-information hospitals REML Hartung-Knapp","17 high-information hospitals REML Hartung-Knapp","ICU mortality","tau-squared","tau-squared",0.0544454806331605,,,,3602,622,"0.054","Main Results briefly; supplementary table","SUPPORTIVE","Amendments 17<U+2013>18"
"EICU_RANDOM_SLOPE_LRT","Diagnostic","eICU-CRD v2.0","all-hospital random-effect diagnostic","all-hospital random-effect diagnostic","ICU mortality","descriptive likelihood-ratio chi-square","chi-square",0,,,1,13234,1990,"0.000","Supplementary methods/results or internal audit only","SUPPLEMENT_OR_INTERNAL","Amendments 17<U+2013>18"
"EICU_RANDOM_SLOPE_SD","Diagnostic","eICU-CRD v2.0","all-hospital uncorrelated P1 random-slope diagnostic","all-hospital uncorrelated P1 random-slope diagnostic","ICU mortality","P1 random-slope standard deviation","SD",3.03042635950427e-07,,,,13234,1990,"0.000","Supplementary methods/results or internal audit only","SUPPLEMENT_OR_INTERNAL","Amendments 17<U+2013>18"
"EICU_SELECTION_ESS","Diagnostic","eICU-CRD v2.0","selected primary cohort","selected primary cohort","ICU mortality","selection-weight effective sample size","effective sample size",8968.35486932293,,,,13234,,"8968.4","Supplementary methods/results or internal audit only","SUPPLEMENT_OR_INTERNAL","Amendments 17<U+2013>18"
"EICU_SELECTION_FRACTION","Diagnostic","eICU-CRD v2.0","candidate denominator","candidate denominator","ICU mortality","primary model selection percent","percent",19.2360243030321,,,,68798,,"19.24","Supplementary methods/results or internal audit only","SUPPLEMENT_OR_INTERNAL","Amendments 17<U+2013>18"
"EICU_SELECTION_MAX_WEIGHT","Diagnostic","eICU-CRD v2.0","selected primary cohort","selected primary cohort","ICU mortality","maximum truncated stabilised weight","weight",3.53318791852922,,,,13234,,"3.533","Supplementary methods/results or internal audit only","SUPPLEMENT_OR_INTERNAL","Amendments 17<U+2013>18"
