dataset,k,consensus,empirical_cdf
NHANES,2,0,0.41037818909454726
NHANES,2,0.01,0.41037818909454726
NHANES,2,0.02,0.429647823911956
NHANES,2,0.03,0.4307153576788394
NHANES,2,0.04,0.43320810405202603
NHANES,2,0.05,0.4364527263631816
NHANES,2,0.06,0.43781790895447725
NHANES,2,0.07,0.43947423711855926
NHANES,2,0.08,0.44089794897448725
NHANES,2,0.09,0.44231415707853927
NHANES,2,0.1,0.44378589294647325
NHANES,2,0.11,0.4450270135067534
NHANES,2,0.12,0.44619159579789897
NHANES,2,0.13,0.4473641820910455
NHANES,2,0.14,0.4485642821410705
NHANES,2,0.15,0.4500435217608804
NHANES,2,0.16,0.45143771885942974
NHANES,2,0.17,0.4531055527763882
NHANES,2,0.18,0.4547213606803402
NHANES,2,0.19,0.456655827913957
NHANES,2,0.2,0.4590295147573787
NHANES,2,0.21,0.46075187593796896
NHANES,2,0.22,0.4624512256128064
NHANES,2,0.23,0.46420860430215105
NHANES,2,0.24,0.46572836418209107
NHANES,2,0.25,0.4673501750875438
NHANES,2,0.26,0.4683591795897949
NHANES,2,0.27,0.4695937968984492
NHANES,2,0.28,0.47062431215607803
NHANES,2,0.29,0.47167733866933464
NHANES,2,0.3,0.4728889444722361
NHANES,2,0.31,0.47386043021510754
NHANES,2,0.32,0.4749789894947474
NHANES,2,0.33,0.47615557778889445
NHANES,2,0.34,0.477392196098049
NHANES,2,0.35000000000000003,0.4786193096548274
NHANES,2,0.36,0.47975487743871936
NHANES,2,0.37,0.48096198099049525
NHANES,2,0.38,0.48211905952976486
NHANES,2,0.39,0.48320660330165083
NHANES,2,0.4,0.4843061530765383
NHANES,2,0.41000000000000003,0.4850985492746373
NHANES,2,0.42,0.48588044022011007
NHANES,2,0.43,0.48667233616808403
NHANES,2,0.44,0.48754677338669333
NHANES,2,0.45,0.48848774387193594
NHANES,2,0.46,0.4893416708354177
NHANES,2,0.47000000000000003,0.49036418209104554
NHANES,2,0.48,0.4912621310655328
NHANES,2,0.49,0.49207403701850927
NHANES,2,0.5,0.4936898449224612
NHANES,2,0.51,0.4944792396198099
NHANES,2,0.52,0.49525812906453226
NHANES,2,0.53,0.4961030515257629
NHANES,2,0.54,0.4971455727863932
NHANES,2,0.55,0.4980910455227614
NHANES,2,0.56,0.4989229614807404
NHANES,2,0.5700000000000001,0.4997903951975988
NHANES,2,0.58,0.5006183091545773
NHANES,2,0.59,0.5013981990995497
NHANES,2,0.6,0.5023846923461731
NHANES,2,0.61,0.5031740870435217
NHANES,2,0.62,0.5041980990495247
NHANES,2,0.63,0.5052746373186593
NHANES,2,0.64,0.5064787393696848
NHANES,2,0.65,0.5077293646823412
NHANES,2,0.66,0.5087913956978489
NHANES,2,0.67,0.5100840420210105
NHANES,2,0.68,0.5112751375687844
NHANES,2,0.6900000000000001,0.5123926963481741
NHANES,2,0.7000000000000001,0.5135872936468234
NHANES,2,0.71,0.5146123061530765
NHANES,2,0.72,0.5157688844422211
NHANES,2,0.73,0.5168574287143571
NHANES,2,0.74,0.5180735367683842
NHANES,2,0.75,0.5194617308654327
NHANES,2,0.76,0.5204842421210605
NHANES,2,0.77,0.5217768884442221
NHANES,2,0.78,0.5232986493246623
NHANES,2,0.79,0.5247793896948474
NHANES,2,0.8,0.5269179589794898
NHANES,2,0.81,0.5284887443721861
NHANES,2,0.8200000000000001,0.5302711355677839
NHANES,2,0.8300000000000001,0.5317853926963482
NHANES,2,0.84,0.5334097048524262
NHANES,2,0.85,0.5348084042021011
NHANES,2,0.86,0.536167583791896
NHANES,2,0.87,0.537368184092046
NHANES,2,0.88,0.5385692846423211
NHANES,2,0.89,0.5398124062031016
NHANES,2,0.9,0.54135967983992
NHANES,2,0.91,0.5426108054027013
NHANES,2,0.92,0.5441530765382692
NHANES,2,0.93,0.5457488744372186
NHANES,2,0.9400000000000001,0.5475022511255628
NHANES,2,0.9500000000000001,0.5490165082541271
NHANES,2,0.96,0.5517578789394697
NHANES,2,0.97,0.5540535267633817
NHANES,2,0.98,0.5550850425212607
NHANES,2,0.99,0.5777963981990996
NHANES,2,1,1
NHANES,3,0,0.47116358179089546
NHANES,3,0.01,0.47116358179089546
NHANES,3,0.02,0.5336773386693346
NHANES,3,0.03,0.5380600300150075
NHANES,3,0.04,0.5469969984992497
NHANES,3,0.05,0.5525607803901951
NHANES,3,0.06,0.5551865932966483
NHANES,3,0.07,0.5582326163081541
NHANES,3,0.08,0.5610420210105053
NHANES,3,0.09,0.5636853426713356
NHANES,3,0.1,0.5667728864432217
NHANES,3,0.11,0.5695697848924463
NHANES,3,0.12,0.572344672336168
NHANES,3,0.13,0.5748889444722362
NHANES,3,0.14,0.5771700850425212
NHANES,3,0.15,0.5796908454227113
NHANES,3,0.16,0.5817973986993497
NHANES,3,0.17,0.584095547773887
NHANES,3,0.18,0.5860765382691345
NHANES,3,0.19,0.588223611805903
NHANES,3,0.2,0.590647823911956
NHANES,3,0.21,0.5925292646323161
NHANES,3,0.22,0.5944887443721861
NHANES,3,0.23,0.596824412206103
NHANES,3,0.24,0.5990920460230115
NHANES,3,0.25,0.6018029014507253
NHANES,3,0.26,0.6036418209104553
NHANES,3,0.27,0.6059779889944973
NHANES,3,0.28,0.6079959979989995
NHANES,3,0.29,0.6100275137568785
NHANES,3,0.3,0.6122181090545272
NHANES,3,0.31,0.6140340170085042
NHANES,3,0.32,0.6161110555277639
NHANES,3,0.33,0.6182901450725363
NHANES,3,0.34,0.6204662331165582
NHANES,3,0.35000000000000003,0.6226698349174588
NHANES,3,0.36,0.6247128564282141
NHANES,3,0.37,0.6270680340170085
NHANES,3,0.38,0.6294202101050526
NHANES,3,0.39,0.6318919459729865
NHANES,3,0.4,0.6347653826913456
NHANES,3,0.41000000000000003,0.6370325162581291
NHANES,3,0.42,0.6394567283641821
NHANES,3,0.43,0.641967983991996
NHANES,3,0.44,0.6446513256628315
NHANES,3,0.45,0.6473146573286643
NHANES,3,0.46,0.6495582791395698
NHANES,3,0.47000000000000003,0.6522116058029015
NHANES,3,0.48,0.6544662331165583
NHANES,3,0.49,0.6563256628314157
NHANES,3,0.5,0.6599299649824912
NHANES,3,0.51,0.6617073536768384
NHANES,3,0.52,0.6635587793896949
NHANES,3,0.53,0.6658024012006003
NHANES,3,0.54,0.668376188094047
NHANES,3,0.55,0.6707823911955978
NHANES,3,0.56,0.673160580290145
NHANES,3,0.5700000000000001,0.6757083541770885
NHANES,3,0.58,0.6781135567783892
NHANES,3,0.59,0.6804262131065533
NHANES,3,0.6,0.6834447223611806
NHANES,3,0.61,0.6854557278639319
NHANES,3,0.62,0.6879044522261131
NHANES,3,0.63,0.6901900950475237
NHANES,3,0.64,0.6925407703851926
NHANES,3,0.65,0.6947988994497248
NHANES,3,0.66,0.6967053526763382
NHANES,3,0.67,0.6989804902451225
NHANES,3,0.68,0.701151575787894
NHANES,3,0.6900000000000001,0.7032426213106553
NHANES,3,0.7000000000000001,0.7053701850925462
NHANES,3,0.71,0.707168584292146
NHANES,3,0.72,0.7091695847923962
NHANES,3,0.73,0.7110145072536268
NHANES,3,0.74,0.7131750875437719
NHANES,3,0.75,0.71557528764382194
NHANES,3,0.76,0.7171775887943972
NHANES,3,0.77,0.7191950975487744
NHANES,3,0.78,0.7212151075537769
NHANES,3,0.79,0.7228949474737368
NHANES,3,0.8,0.7250125062531265
NHANES,3,0.81,0.7264507253626813
NHANES,3,0.8200000000000001,0.7281620810405203
NHANES,3,0.8300000000000001,0.7296913456728364
NHANES,3,0.84,0.7315127563781891
NHANES,3,0.85,0.7333771885942971
NHANES,3,0.86,0.7352861430715357
NHANES,3,0.87,0.7371745872936468
NHANES,3,0.88,0.7393971985992996
NHANES,3,0.89,0.7418099049524762
NHANES,3,0.9,0.7445107553776888
NHANES,3,0.91,0.7466073036518259
NHANES,3,0.92,0.7487343671835918
NHANES,3,0.93,0.7510105052526264
NHANES,3,0.9400000000000001,0.7537403701850925
NHANES,3,0.9500000000000001,0.7562371185592797
NHANES,3,0.96,0.7602631315657828
NHANES,3,0.97,0.7667993996998499
NHANES,3,0.98,0.7703371685842921
NHANES,3,0.99,0.8215897948974488
NHANES,3,1,1
NHANES,4,0,0.5261330665332666
NHANES,4,0.01,0.5261330665332666
NHANES,4,0.02,0.5539669834917459
NHANES,4,0.03,0.5602031015507754
NHANES,4,0.04,0.5766058029014507
NHANES,4,0.05,0.5930290145072536
NHANES,4,0.06,0.6027018509254627
NHANES,4,0.07,0.614463231615808
NHANES,4,0.08,0.6237753876938469
NHANES,4,0.09,0.6302976488244122
NHANES,4,0.1,0.635751875937969
NHANES,4,0.11,0.6399354677338669
NHANES,4,0.12,0.6440635317658829
NHANES,4,0.13,0.6479989994997499
NHANES,4,0.14,0.651751875937969
NHANES,4,0.15,0.6555407703851927
NHANES,4,0.16,0.6585722861430715
NHANES,4,0.17,0.6617548774387194
NHANES,4,0.18,0.6644002001000501
NHANES,4,0.19,0.6673396698349174
NHANES,4,0.2,0.6708944472236118
NHANES,4,0.21,0.6735477738869434
NHANES,4,0.22,0.6762041020510255
NHANES,4,0.23,0.6790460230115057
NHANES,4,0.24,0.6817168584292146
NHANES,4,0.25,0.6845032516258129
NHANES,4,0.26,0.6863701850925463
NHANES,4,0.27,0.6888004002001
NHANES,4,0.28,0.6908429214607303
NHANES,4,0.29,0.6929054527263632
NHANES,4,0.3,0.6951615807903953
NHANES,4,0.31,0.697040020010005
NHANES,4,0.32,0.6990695347673836
NHANES,4,0.33,0.701151575787894
NHANES,4,0.34,0.7031795897948975
NHANES,4,0.35000000000000003,0.7050625312656328
NHANES,4,0.36,0.7067748874437219
NHANES,4,0.37,0.7085352676338169
NHANES,4,0.38,0.7103146573286643
NHANES,4,0.39,0.7120710355177589
NHANES,4,0.4,0.7140385192596298
NHANES,4,0.41000000000000003,0.7154707353676838
NHANES,4,0.42,0.7168549274637319
NHANES,4,0.43,0.7182666333166583
NHANES,4,0.44,0.7197403701850925
NHANES,4,0.45,0.7211630815407704
NHANES,4,0.46,0.7223986993496748
NHANES,4,0.47000000000000003,0.7239569784892447
NHANES,4,0.48,0.7252851425712856
NHANES,4,0.49,0.7263056528264132
NHANES,4,0.5,0.7284682341170585
NHANES,4,0.51,0.7295422711355678
NHANES,4,0.52,0.7306553276638319
NHANES,4,0.53,0.7321210605302652
NHANES,4,0.54,0.7337823911955978
NHANES,4,0.55,0.7352781390695348
NHANES,4,0.56,0.7367708854427214
NHANES,4,0.5700000000000001,0.7383811905952976
NHANES,4,0.58,0.7399659829914957
NHANES,4,0.59,0.741599299649825
NHANES,4,0.6,0.7437638819409705
NHANES,4,0.61,0.7453776888444222
NHANES,4,0.62,0.7473476738369185
NHANES,4,0.63,0.7493291645822912
NHANES,4,0.64,0.7514572286143072
NHANES,4,0.65,0.7537348674337169
NHANES,4,0.66,0.7557563781890946
NHANES,4,0.67,0.7581775887943972
NHANES,4,0.68,0.7606743371685843
NHANES,4,0.6900000000000001,0.7630980490245123
NHANES,4,0.7000000000000001,0.7656453226613307
NHANES,4,0.71,0.7679509754877438
NHANES,4,0.72,0.7704012006003002
NHANES,4,0.73,0.7728219109554777
NHANES,4,0.74,0.7755772886443222
NHANES,4,0.75,0.7787078539269635
NHANES,4,0.76,0.7809134567283642
NHANES,4,0.77,0.7838424212106053
NHANES,4,0.78,0.786959979989995
NHANES,4,0.79,0.7897863931965983
NHANES,4,0.8,0.793456228114057
NHANES,4,0.81,0.7960675337668834
NHANES,4,0.8200000000000001,0.7990210105052526
NHANES,4,0.8300000000000001,0.8016363181590795
NHANES,4,0.84,0.804671835917959
NHANES,4,0.85,0.8077793896948474
NHANES,4,0.86,0.8110930465232616
NHANES,4,0.87,0.8144502251125563
NHANES,4,0.88,0.8181240620310155
NHANES,4,0.89,0.8218454227113556
NHANES,4,0.9,0.8264437218609305
NHANES,4,0.91,0.8307893946973487
NHANES,4,0.92,0.8364622311155577
NHANES,4,0.93,0.8437903951975988
NHANES,4,0.9400000000000001,0.8526328164082041
NHANES,4,0.9500000000000001,0.8604232116058029
NHANES,4,0.96,0.8716228114057029
NHANES,4,0.97,0.8825847923961981
NHANES,4,0.98,0.8871290645322661
NHANES,4,0.99,0.9050200100050025
NHANES,4,1,1
NHANES,5,0,0.6134532266133067
NHANES,5,0.01,0.6134532266133067
NHANES,5,0.02,0.6467883941970985
NHANES,5,0.03,0.6530955477738869
NHANES,5,0.04,0.6685787893946974
NHANES,5,0.05,0.6813241620810405
NHANES,5,0.06,0.6872276138069034
NHANES,5,0.07,0.693847923961981
NHANES,5,0.08,0.6987958979489745
NHANES,5,0.09,0.7029054527263632
NHANES,5,0.1,0.7070545272636318
NHANES,5,0.11,0.7104277138569285
NHANES,5,0.12,0.7137138569284642
NHANES,5,0.13,0.7167703851925963
NHANES,5,0.14,0.7195987993996998
NHANES,5,0.15,0.7228359179589795
NHANES,5,0.16,0.725576288144072
NHANES,5,0.17,0.728543771885943
NHANES,5,0.18,0.7310110055027513
NHANES,5,0.19,0.7336388194097049
NHANES,5,0.2,0.736512256128064
NHANES,5,0.21,0.7385762881440721
NHANES,5,0.22,0.7407308654327164
NHANES,5,0.23,0.7430650325162581
NHANES,5,0.24,0.7453586793396698
NHANES,5,0.25,0.7480360180090045
NHANES,5,0.26,0.7498169084542271
NHANES,5,0.27,0.7522631315657828
NHANES,5,0.28,0.7545132566283141
NHANES,5,0.29,0.7566823411705853
NHANES,5,0.3,0.7590355177588795
NHANES,5,0.31,0.7610290145072536
NHANES,5,0.32,0.7631570785392696
NHANES,5,0.33,0.7652196098049024
NHANES,5,0.34,0.7672356178089045
NHANES,5,0.35000000000000003,0.7690690345172586
NHANES,5,0.36,0.7707478739369685
NHANES,5,0.37,0.772472236118059
NHANES,5,0.38,0.7741820910455227
NHANES,5,0.39,0.775831415707854
NHANES,5,0.4,0.7776463231615808
NHANES,5,0.41000000000000003,0.7790775387693847
NHANES,5,0.42,0.7804817408704352
NHANES,5,0.43,0.7818864432216108
NHANES,5,0.44,0.783383191595798
NHANES,5,0.45,0.7848214107053527
NHANES,5,0.46,0.7861005502751376
NHANES,5,0.47000000000000003,0.787600300150075
NHANES,5,0.48,0.7889769884942471
NHANES,5,0.49,0.7900435217608804
NHANES,5,0.5,0.7922136068034017
NHANES,5,0.51,0.7933001500750375
NHANES,5,0.52,0.7944307153576788
NHANES,5,0.53,0.7958104052026013
NHANES,5,0.54,0.7973316658329165
NHANES,5,0.55,0.7987193596798399
NHANES,5,0.56,0.8000095047523762
NHANES,5,0.5700000000000001,0.8014182091045523
NHANES,5,0.58,0.8027543771885943
NHANES,5,0.59,0.8039879939969985
NHANES,5,0.6,0.8056588294147073
NHANES,5,0.61,0.8068619309654828
NHANES,5,0.62,0.8083481740870435
NHANES,5,0.63,0.8098444222111055
NHANES,5,0.64,0.8114822411205603
NHANES,5,0.65,0.813144072036018
NHANES,5,0.66,0.8146863431715858
NHANES,5,0.67,0.8164252126063032
NHANES,5,0.68,0.8182441220610305
NHANES,5,0.6900000000000001,0.8200625312656328
NHANES,5,0.7000000000000001,0.8219409704852426
NHANES,5,0.71,0.8236603301650826
NHANES,5,0.72,0.8254377188594297
NHANES,5,0.73,0.8271340670335168
NHANES,5,0.74,0.8290605302651326
NHANES,5,0.75,0.831207603801901
NHANES,5,0.76,0.8327183591795898
NHANES,5,0.77,0.834624312156078
NHANES,5,0.78,0.8366018009004502
NHANES,5,0.79,0.8383161580790395
NHANES,5,0.8,0.8406998499249625
NHANES,5,0.81,0.8424632316158079
NHANES,5,0.8200000000000001,0.844647823911956
NHANES,5,0.8300000000000001,0.846631815907954
NHANES,5,0.84,0.8490455227613807
NHANES,5,0.85,0.851392696348174
NHANES,5,0.86,0.8537548774387194
NHANES,5,0.87,0.8560815407703852
NHANES,5,0.88,0.8585572786393196
NHANES,5,0.89,0.8609784892446223
NHANES,5,0.9,0.8638384192096048
NHANES,5,0.91,0.8664117058529265
NHANES,5,0.92,0.8693291645822911
NHANES,5,0.93,0.8727503751875938
NHANES,5,0.9400000000000001,0.8769429714857429
NHANES,5,0.9500000000000001,0.881215607803902
NHANES,5,0.96,0.8888859429714857
NHANES,5,0.97,0.8980695347673837
NHANES,5,0.98,0.9021955977988995
NHANES,5,0.99,0.9200845422711356
NHANES,5,1,1
NHANES,6,0,0.7157808904452226
NHANES,6,0.01,0.7157808904452226
NHANES,6,0.02,0.7401265632816408
NHANES,6,0.03,0.7442826413206604
NHANES,6,0.04,0.7530190095047524
NHANES,6,0.05,0.7595767883941971
NHANES,6,0.06,0.7627668834417208
NHANES,6,0.07,0.7667048524262131
NHANES,6,0.08,0.7699859929964983
NHANES,6,0.09,0.7731135567783892
NHANES,6,0.1,0.7762126063031516
NHANES,6,0.11,0.7787103551775888
NHANES,6,0.12,0.7809939969984993
NHANES,6,0.13,0.783104052026013
NHANES,6,0.14,0.7849844922461231
NHANES,6,0.15,0.786943971985993
NHANES,6,0.16,0.788575787893947
NHANES,6,0.17,0.7902786393196598
NHANES,6,0.18,0.7916828414207103
NHANES,6,0.19,0.7932151075537769
NHANES,6,0.2,0.7948284142071036
NHANES,6,0.21,0.7959639819909955
NHANES,6,0.22,0.7970490245122561
NHANES,6,0.23,0.7982766383191596
NHANES,6,0.24,0.7994582291145573
NHANES,6,0.25,0.8007953976988494
NHANES,6,0.26,0.8016898449224612
NHANES,6,0.27,0.802903951975988
NHANES,6,0.28,0.8040300150075037
NHANES,6,0.29,0.8051550775387694
NHANES,6,0.3,0.8064932466233117
NHANES,6,0.31,0.8076603301650825
NHANES,6,0.32,0.8089769884942472
NHANES,6,0.33,0.8103791895947974
NHANES,6,0.34,0.8118144072036018
NHANES,6,0.35000000000000003,0.813152076038019
NHANES,6,0.36,0.814456728364182
NHANES,6,0.37,0.8158274137068534
NHANES,6,0.38,0.8171015507753877
NHANES,6,0.39,0.8183816908454227
NHANES,6,0.4,0.8197818909454727
NHANES,6,0.41000000000000003,0.8208409204602302
NHANES,6,0.42,0.8219309654827414
NHANES,6,0.43,0.8230135067533767
NHANES,6,0.44,0.8242206103051526
NHANES,6,0.45,0.8253726863431716
NHANES,6,0.46,0.8263766883441721
NHANES,6,0.47000000000000003,0.827528264132066
NHANES,6,0.48,0.8285352676338169
NHANES,6,0.49,0.8293551775887944
NHANES,6,0.5,0.8308994497248624
NHANES,6,0.51,0.8316858429214607
NHANES,6,0.52,0.8324672336168084
NHANES,6,0.53,0.8333991995997999
NHANES,6,0.54,0.8344907453726863
NHANES,6,0.55,0.8354692346173087
NHANES,6,0.56,0.8364282141070535
NHANES,6,0.5700000000000001,0.8374217108554277
NHANES,6,0.58,0.8384187093546773
NHANES,6,0.59,0.83935967983992
NHANES,6,0.6,0.8406523261630815
NHANES,6,0.61,0.8415832916458229
NHANES,6,0.62,0.8427303651825913
NHANES,6,0.63,0.843903951975988
NHANES,6,0.64,0.8451625812906454
NHANES,6,0.65,0.8464507253626813
NHANES,6,0.66,0.8475572786393196
NHANES,6,0.67,0.8488569284642321
NHANES,6,0.68,0.8501170585292647
NHANES,6,0.6900000000000001,0.8513091545772886
NHANES,6,0.7000000000000001,0.8525427713856929
NHANES,6,0.71,0.8535782891445722
NHANES,6,0.72,0.8545742871435718
NHANES,6,0.73,0.8555172586293146
NHANES,6,0.74,0.8565157578789395
NHANES,6,0.75,0.8576633316658329
NHANES,6,0.76,0.8584417208604302
NHANES,6,0.77,0.8594012006003001
NHANES,6,0.78,0.8604492246123061
NHANES,6,0.79,0.8613941970985493
NHANES,6,0.8,0.8627063531765883
NHANES,6,0.81,0.8637223611805903
NHANES,6,0.8200000000000001,0.8649979989994997
NHANES,6,0.8300000000000001,0.8661945972986493
NHANES,6,0.84,0.8677028514257129
NHANES,6,0.85,0.8692986493246623
NHANES,6,0.86,0.8708229114557279
NHANES,6,0.87,0.8724042021010505
NHANES,6,0.88,0.8741275637818909
NHANES,6,0.89,0.8760035017508755
NHANES,6,0.9,0.878256128064032
NHANES,6,0.91,0.8803391695847924
NHANES,6,0.92,0.8826348174087043
NHANES,6,0.93,0.8850450225112556
NHANES,6,0.9400000000000001,0.8877888944472236
NHANES,6,0.9500000000000001,0.8901880940470235
NHANES,6,0.96,0.893952476238119
NHANES,6,0.97,0.8991650825412706
NHANES,6,0.98,0.9018089044522262
NHANES,6,0.99,0.9146063031515758
NHANES,6,1,1
MIMIC-IV,2,0,0.3276151873604103
MIMIC-IV,2,0.01,0.3276151873604103
MIMIC-IV,2,0.02,0.36928447348829513
MIMIC-IV,2,0.03,0.37266606005459507
MIMIC-IV,2,0.04,0.38206468690545126
MIMIC-IV,2,0.05,0.38828025477707007
MIMIC-IV,2,0.06,0.3926792952270659
MIMIC-IV,2,0.07,0.3974323765406568
MIMIC-IV,2,0.08,0.4013615683679378
MIMIC-IV,2,0.09,0.4046918686409132
MIMIC-IV,2,0.1,0.407949375465299
MIMIC-IV,2,0.11,0.4103267433203739
MIMIC-IV,2,0.12,0.4128877491934817
MIMIC-IV,2,0.13,0.41567044420547605
MIMIC-IV,2,0.14,0.4187128794772107
MIMIC-IV,2,0.15,0.42215236992307054
MIMIC-IV,2,0.16,0.42496484407312435
MIMIC-IV,2,0.17,0.4281081975349491
MIMIC-IV,2,0.18,0.43082471668458927
MIMIC-IV,2,0.19,0.4336934403176441
MIMIC-IV,2,0.2,0.4368731905037638
MIMIC-IV,2,0.21,0.43915956654810157
MIMIC-IV,2,0.22,0.4415683679377947
MIMIC-IV,2,0.23,0.4443047398461411
MIMIC-IV,2,0.24,0.44701629580610475
MIMIC-IV,2,0.25,0.4500074447845148
MIMIC-IV,2,0.26,0.45203738936223015
MIMIC-IV,2,0.27,0.45472578377036976
MIMIC-IV,2,0.28,0.4571114236082389
MIMIC-IV,2,0.29,0.45925717594507404
MIMIC-IV,2,0.3,0.461325171643643
MIMIC-IV,2,0.31,0.462946480271321
MIMIC-IV,2,0.32,0.4645793696749111
MIMIC-IV,2,0.33,0.46602696666390936
MIMIC-IV,2,0.34,0.4674977252047316
MIMIC-IV,2,0.35000000000000003,0.46918851848788157
MIMIC-IV,2,0.36,0.47084126065017784
MIMIC-IV,2,0.37,0.4727206551410373
MIMIC-IV,2,0.38,0.4747241293738109
MIMIC-IV,2,0.39,0.47680701464140957
MIMIC-IV,2,0.4,0.4791959632723964
MIMIC-IV,2,0.41000000000000003,0.4809148812970469
MIMIC-IV,2,0.42,0.4826189097526677
MIMIC-IV,2,0.43,0.4843758788981719
MIMIC-IV,2,0.44,0.48626354537182565
MIMIC-IV,2,0.45,0.48798908098271154
MIMIC-IV,2,0.46,0.4894813466787989
MIMIC-IV,2,0.47000000000000003,0.4914120274629829
MIMIC-IV,2,0.48,0.4930465712631318
MIMIC-IV,2,0.49,0.49436016213086276
MIMIC-IV,2,0.5,0.49694432955579454
MIMIC-IV,2,0.51,0.4983373314583506
MIMIC-IV,2,0.52,0.49965092232608155
MIMIC-IV,2,0.53,0.5011233352634626
MIMIC-IV,2,0.54,0.5028339813053189
MIMIC-IV,2,0.55,0.5044900322607329
MIMIC-IV,2,0.56,0.5059822979568203
MIMIC-IV,2,0.5700000000000001,0.5076515840847051
MIMIC-IV,2,0.58,0.509297708660766
MIMIC-IV,2,0.59,0.5109173628918852
MIMIC-IV,2,0.6,0.5130531888493672
MIMIC-IV,2,0.61,0.514631483166515
MIMIC-IV,2,0.62,0.5164744809330797
MIMIC-IV,2,0.63,0.5181768549921416
MIMIC-IV,2,0.64,0.5198626850856151
MIMIC-IV,2,0.65,0.5214128546612623
MIMIC-IV,2,0.66,0.5226950119943751
MIMIC-IV,2,0.67,0.5240383820001654
MIMIC-IV,2,0.68,0.5255372652824882
MIMIC-IV,2,0.6900000000000001,0.5270047150301927
MIMIC-IV,2,0.7000000000000001,0.5287534121929026
MIMIC-IV,2,0.71,0.5305418148730251
MIMIC-IV,2,0.72,0.5326048473819175
MIMIC-IV,2,0.73,0.5346215567871618
MIMIC-IV,2,0.74,0.5372173049880056
MIMIC-IV,2,0.75,0.539976838448176
MIMIC-IV,2,0.76,0.5417966746629167
MIMIC-IV,2,0.77,0.5441988584663744
MIMIC-IV,2,0.78,0.5468740177020431
MIMIC-IV,2,0.79,0.5491852096947638
MIMIC-IV,2,0.8,0.5523599966912068
MIMIC-IV,2,0.81,0.5548068492017537
MIMIC-IV,2,0.8200000000000001,0.5577549838696335
MIMIC-IV,2,0.8300000000000001,0.5606452146579535
MIMIC-IV,2,0.84,0.5639655885515759
MIMIC-IV,2,0.85,0.5674431301182894
MIMIC-IV,2,0.86,0.5708247166845893
MIMIC-IV,2,0.87,0.5739879229051204
MIMIC-IV,2,0.88,0.5770866076598561
MIMIC-IV,2,0.89,0.579920588965175
MIMIC-IV,2,0.9,0.5829431714782033
MIMIC-IV,2,0.91,0.5858631814045827
MIMIC-IV,2,0.92,0.5894796922822401
MIMIC-IV,2,0.93,0.5934237736785507
MIMIC-IV,2,0.9400000000000001,0.5983687649929688
MIMIC-IV,2,0.9500000000000001,0.6037190834643064
MIMIC-IV,2,0.96,0.6097890644387459
MIMIC-IV,2,0.97,0.6191910000827199
MIMIC-IV,2,0.98,0.6223260815617504
MIMIC-IV,2,0.99,0.6630407808751758
MIMIC-IV,2,1,1
MIMIC-IV,3,0,0.523975514930929
MIMIC-IV,3,0.01,0.523975514930929
MIMIC-IV,3,0.02,0.5459128133013483
MIMIC-IV,3,0.03,0.549239804781206
MIMIC-IV,3,0.04,0.5559368020514517
MIMIC-IV,3,0.05,0.5610687401770205
MIMIC-IV,3,0.06,0.5642005128629333
MIMIC-IV,3,0.07,0.5683695921912483
MIMIC-IV,3,0.08,0.5720588965174952
MIMIC-IV,3,0.09,0.5752866242038217
MIMIC-IV,3,0.1,0.5780279593018447
MIMIC-IV,3,0.11,0.5804516502605674
MIMIC-IV,3,0.12,0.5827446438911407
MIMIC-IV,3,0.13,0.5848126395897096
MIMIC-IV,3,0.14,0.5868177682190421
MIMIC-IV,3,0.15,0.5890991810737034
MIMIC-IV,3,0.16,0.5910894201340061
MIMIC-IV,3,0.17,0.5932087021258996
MIMIC-IV,3,0.18,0.5951096037720242
MIMIC-IV,3,0.19,0.5971875258499463
MIMIC-IV,3,0.2,0.5995218793944909
MIMIC-IV,3,0.21,0.6011911655223757
MIMIC-IV,3,0.22,0.6029944577715278
MIMIC-IV,3,0.23,0.60507237984945
MIMIC-IV,3,0.24,0.6071321035652246
MIMIC-IV,3,0.25,0.6098535859045413
MIMIC-IV,3,0.26,0.6117346347919597
MIMIC-IV,3,0.27,0.6140243196294152
MIMIC-IV,3,0.28,0.6159169492927454
MIMIC-IV,3,0.29,0.6177698734386633
MIMIC-IV,3,0.3,0.6197617668955249
MIMIC-IV,3,0.31,0.6214062370750268
MIMIC-IV,3,0.32,0.623174786996443
MIMIC-IV,3,0.33,0.6251501364877161
MIMIC-IV,3,0.34,0.6269749358921334
MIMIC-IV,3,0.35000000000000003,0.6285615021920754
MIMIC-IV,3,0.36,0.6299578128877492
MIMIC-IV,3,0.37,0.6314831665150137
MIMIC-IV,3,0.38,0.6328166101414509
MIMIC-IV,3,0.39,0.6341847960956242
MIMIC-IV,3,0.4,0.6358259574820084
MIMIC-IV,3,0.41000000000000003,0.6372090330052114
MIMIC-IV,3,0.42,0.6387294234427993
MIMIC-IV,3,0.43,0.6402928281909174
MIMIC-IV,3,0.44,0.6420481429398627
MIMIC-IV,3,0.45,0.6436992307056001
MIMIC-IV,3,0.46,0.6451815700223343
MIMIC-IV,3,0.47000000000000003,0.6469484655471917
MIMIC-IV,3,0.48,0.6487567209860203
MIMIC-IV,3,0.49,0.65024567788899
MIMIC-IV,3,0.5,0.6530498800562495
MIMIC-IV,3,0.51,0.6544246835966582
MIMIC-IV,3,0.52,0.6557978327405078
MIMIC-IV,3,0.53,0.6574141781785093
MIMIC-IV,3,0.54,0.6591413681859541
MIMIC-IV,3,0.55,0.6605988915543055
MIMIC-IV,3,0.56,0.6619604599222434
MIMIC-IV,3,0.5700000000000001,0.663370005790388
MIMIC-IV,3,0.58,0.6646786334684424
MIMIC-IV,3,0.59,0.6660220034742328
MIMIC-IV,3,0.6,0.6676979071883531
MIMIC-IV,3,0.61,0.6688046984862271
MIMIC-IV,3,0.62,0.6701894284059889
MIMIC-IV,3,0.63,0.6714914384978079
MIMIC-IV,3,0.64,0.6729423442799239
MIMIC-IV,3,0.65,0.6745007858383655
MIMIC-IV,3,0.66,0.6758937877409215
MIMIC-IV,3,0.67,0.6775911986103069
MIMIC-IV,3,0.68,0.6794093804284888
MIMIC-IV,3,0.6900000000000001,0.6811746215567872
MIMIC-IV,3,0.7000000000000001,0.6830556704442055
MIMIC-IV,3,0.71,0.6846422367441476
MIMIC-IV,3,0.72,0.6863032508892382
MIMIC-IV,3,0.73,0.6879080155513276
MIMIC-IV,3,0.74,0.6899313425428075
MIMIC-IV,3,0.75,0.6922623872942344
MIMIC-IV,3,0.76,0.693934982215237
MIMIC-IV,3,0.77,0.6958755893787741
MIMIC-IV,3,0.78,0.6978906443874596
MIMIC-IV,3,0.79,0.6996674662916701
MIMIC-IV,3,0.8,0.7020001654396559
MIMIC-IV,3,0.81,0.703791876912896
MIMIC-IV,3,0.8200000000000001,0.7058830341632889
MIMIC-IV,3,0.8300000000000001,0.707755811067913
MIMIC-IV,3,0.84,0.710005790387956
MIMIC-IV,3,0.85,0.7122425345355282
MIMIC-IV,3,0.86,0.7144643891140706
MIMIC-IV,3,0.87,0.7167044420547605
MIMIC-IV,3,0.88,0.7190884274960708
MIMIC-IV,3,0.89,0.7216295806104723
MIMIC-IV,3,0.9,0.7246554719166184
MIMIC-IV,3,0.91,0.7275175779634379
MIMIC-IV,3,0.92,0.7311158904789478
MIMIC-IV,3,0.93,0.7349375465299032
MIMIC-IV,3,0.9400000000000001,0.7391165522375713
MIMIC-IV,3,0.9500000000000001,0.7424137645793697
MIMIC-IV,3,0.96,0.74643063942427
MIMIC-IV,3,0.97,0.7517329803954008
MIMIC-IV,3,0.98,0.7540507899743568
MIMIC-IV,3,0.99,0.7690412771941434
MIMIC-IV,3,1,1
MIMIC-IV,4,0,0.5726048473819174
MIMIC-IV,4,0.01,0.5726048473819174
MIMIC-IV,4,0.02,0.604763007692944
MIMIC-IV,4,0.03,0.6097973364215402
MIMIC-IV,4,0.04,0.6216361981967078
MIMIC-IV,4,0.05,0.6290512035734965
MIMIC-IV,4,0.06,0.6326792952270659
MIMIC-IV,4,0.07,0.6376342129208371
MIMIC-IV,4,0.08,0.6423211183720738
MIMIC-IV,4,0.09,0.6466457109769211
MIMIC-IV,4,0.1,0.6509521052196211
MIMIC-IV,4,0.11,0.6542906774753908
MIMIC-IV,4,0.12,0.6576226321449251
MIMIC-IV,4,0.13,0.660673339399454
MIMIC-IV,4,0.14,0.6634130201009182
MIMIC-IV,4,0.15,0.6664587641657705
MIMIC-IV,4,0.16,0.6689519397799653
MIMIC-IV,4,0.17,0.671729671602283
MIMIC-IV,4,0.18,0.673867151956324
MIMIC-IV,4,0.19,0.676241211018281
MIMIC-IV,4,0.2,0.6789643477541567
MIMIC-IV,4,0.21,0.6811051369013152
MIMIC-IV,4,0.22,0.6834246008768302
MIMIC-IV,4,0.23,0.6864256762345934
MIMIC-IV,4,0.24,0.6896434775415667
MIMIC-IV,4,0.25,0.6934518984200513
MIMIC-IV,4,0.26,0.6960757713623955
MIMIC-IV,4,0.27,0.6995648937050211
MIMIC-IV,4,0.28,0.7024303085449582
MIMIC-IV,4,0.29,0.7053734800231616
MIMIC-IV,4,0.3,0.7083960625361899
MIMIC-IV,4,0.31,0.710793283149971
MIMIC-IV,4,0.32,0.7133592522127554
MIMIC-IV,4,0.33,0.7158276118785672
MIMIC-IV,4,0.34,0.7181900901646124
MIMIC-IV,4,0.35000000000000003,0.7202647034494168
MIMIC-IV,4,0.36,0.7221722226817768
MIMIC-IV,4,0.37,0.7242584167424931
MIMIC-IV,4,0.38,0.7261824799404417
MIMIC-IV,4,0.39,0.7282322772768632
MIMIC-IV,4,0.4,0.7304938373728183
MIMIC-IV,4,0.41000000000000003,0.7322425345355281
MIMIC-IV,4,0.42,0.7339945404913558
MIMIC-IV,4,0.43,0.7357151129125652
MIMIC-IV,4,0.44,0.7376143601621309
MIMIC-IV,4,0.45,0.7393796012904293
MIMIC-IV,4,0.46,0.7408619406071635
MIMIC-IV,4,0.47000000000000003,0.742604020183638
MIMIC-IV,4,0.48,0.7440334188104889
MIMIC-IV,4,0.49,0.7451269749358921
MIMIC-IV,4,0.5,0.7474116965836711
MIMIC-IV,4,0.51,0.7485929357266937
MIMIC-IV,4,0.52,0.7497791380593929
MIMIC-IV,4,0.53,0.7513673587558938
MIMIC-IV,4,0.54,0.7531954669534288
MIMIC-IV,4,0.55,0.7549358921333443
MIMIC-IV,4,0.56,0.7565902886921996
MIMIC-IV,4,0.5700000000000001,0.7583820001654397
MIMIC-IV,4,0.58,0.7601356605178261
MIMIC-IV,4,0.59,0.7618562329390355
MIMIC-IV,4,0.6,0.764088013896931
MIMIC-IV,4,0.61,0.7655637356274299
MIMIC-IV,4,0.62,0.7672462569277856
MIMIC-IV,4,0.63,0.7688626023657871
MIMIC-IV,4,0.64,0.7705732484076433
MIMIC-IV,4,0.65,0.7724245181570022
MIMIC-IV,4,0.66,0.7740987674745636
MIMIC-IV,4,0.67,0.7762015055008685
MIMIC-IV,4,0.68,0.7784829183555299
MIMIC-IV,4,0.6900000000000001,0.7808123087103979
MIMIC-IV,4,0.7000000000000001,0.7835139382910083
MIMIC-IV,4,0.71,0.785904541318554
MIMIC-IV,4,0.72,0.7884936719331623
MIMIC-IV,4,0.73,0.7911605591860369
MIMIC-IV,4,0.74,0.7942840598891554
MIMIC-IV,4,0.75,0.7976193233518074
MIMIC-IV,4,0.76,0.799897427413351
MIMIC-IV,4,0.77,0.8025527338903136
MIMIC-IV,4,0.78,0.8052725618330714
MIMIC-IV,4,0.79,0.8072247497725205
MIMIC-IV,4,0.8,0.8097212341798329
MIMIC-IV,4,0.81,0.8114633137563074
MIMIC-IV,4,0.8200000000000001,0.8134982215236992
MIMIC-IV,4,0.8300000000000001,0.8153776160145587
MIMIC-IV,4,0.84,0.8175283315410704
MIMIC-IV,4,0.85,0.8196211431880221
MIMIC-IV,4,0.86,0.8217338075936802
MIMIC-IV,4,0.87,0.8237869137232194
MIMIC-IV,4,0.88,0.8260981057159401
MIMIC-IV,4,0.89,0.82849863512283894
MIMIC-IV,4,0.9,0.8311953015137729
MIMIC-IV,4,0.91,0.8333873769542559
MIMIC-IV,4,0.92,0.8360906609314253
MIMIC-IV,4,0.93,0.8389097526677145
MIMIC-IV,4,0.9400000000000001,0.8423062288030441
MIMIC-IV,4,0.9500000000000001,0.845277525022748
MIMIC-IV,4,0.96,0.8507039457357929
MIMIC-IV,4,0.97,0.8583456034411449
MIMIC-IV,4,0.98,0.8615998014724129
MIMIC-IV,4,0.99,0.8794143436181653
MIMIC-IV,4,1,1
MIMIC-IV,5,0,0.5365257672264042
MIMIC-IV,5,0.01,0.5365257672264042
MIMIC-IV,5,0.02,0.5801819836214741
MIMIC-IV,5,0.03,0.5845446273471752
MIMIC-IV,5,0.04,0.5956323930846223
MIMIC-IV,5,0.05,0.606088179336587
MIMIC-IV,5,0.06,0.6117346347919597
MIMIC-IV,5,0.07,0.6190768467201588
MIMIC-IV,5,0.08,0.6256563818347258
MIMIC-IV,5,0.09,0.6314566961700719
MIMIC-IV,5,0.1,0.6373298039540077
MIMIC-IV,5,0.11,0.6419604599222434
MIMIC-IV,5,0.12,0.6465613367524196
MIMIC-IV,5,0.13,0.6507866655637357
MIMIC-IV,5,0.14,0.6547307469600463
MIMIC-IV,5,0.15,0.6590338324096285
MIMIC-IV,5,0.16,0.662501447596989
MIMIC-IV,5,0.17,0.6661477376127057
MIMIC-IV,5,0.18,0.669309289436678
MIMIC-IV,5,0.19,0.6727388535031847
MIMIC-IV,5,0.2,0.6767077508478783
MIMIC-IV,5,0.21,0.679452394739019
MIMIC-IV,5,0.22,0.6823343535445446
MIMIC-IV,5,0.23,0.6854628174373397
MIMIC-IV,5,0.24,0.6884440400363967
MIMIC-IV,5,0.25,0.6916486061708992
MIMIC-IV,5,0.26,0.6937199106625859
MIMIC-IV,5,0.27,0.6965654727438166
MIMIC-IV,5,0.28,0.6991794193068078
MIMIC-IV,5,0.29,0.7019025560426835
MIMIC-IV,5,0.3,0.7048407643312102
MIMIC-IV,5,0.31,0.7074183141699065
MIMIC-IV,5,0.32,0.7103465960790801
MIMIC-IV,5,0.33,0.713443626437257
MIMIC-IV,5,0.34,0.7166432293820829
MIMIC-IV,5,0.35000000000000003,0.719748531723054
MIMIC-IV,5,0.36,0.7229117379435851
MIMIC-IV,5,0.37,0.726533212010919
MIMIC-IV,5,0.38,0.7302704938373729
MIMIC-IV,5,0.39,0.7342393911820664
MIMIC-IV,5,0.4,0.7392340143932501
MIMIC-IV,5,0.41000000000000003,0.7431615518239723
MIMIC-IV,5,0.42,0.7474745636529077
MIMIC-IV,5,0.43,0.7522044834146745
MIMIC-IV,5,0.44,0.7575448755066589
MIMIC-IV,5,0.45,0.7631913309620316
MIMIC-IV,5,0.46,0.7686591115890479
MIMIC-IV,5,0.47000000000000003,0.7754156671354123
MIMIC-IV,5,0.48,0.7819141368185955
MIMIC-IV,5,0.49,0.7872363305484325
MIMIC-IV,5,0.5,0.7977136239556621
MIMIC-IV,5,0.51,0.8028472164777897
MIMIC-IV,5,0.52,0.8079245595169162
MIMIC-IV,5,0.53,0.8137877409214989
MIMIC-IV,5,0.54,0.819713789395318
MIMIC-IV,5,0.55,0.8248622714864753
MIMIC-IV,5,0.56,0.829286127884854
MIMIC-IV,5,0.5700000000000001,0.8337232194557035
MIMIC-IV,5,0.58,0.837498552403011
MIMIC-IV,5,0.59,0.8410356522458433
MIMIC-IV,5,0.6,0.8452924145917776
MIMIC-IV,5,0.61,0.8480519480519481
MIMIC-IV,5,0.62,0.8512234262552734
MIMIC-IV,5,0.63,0.8541583257506824
MIMIC-IV,5,0.64,0.8569691455041774
MIMIC-IV,5,0.65,0.8595648937050211
MIMIC-IV,5,0.66,0.8617801306973282
MIMIC-IV,5,0.67,0.8642005128629332
MIMIC-IV,5,0.68,0.8664339482173877
MIMIC-IV,5,0.6900000000000001,0.8684374224501613
MIMIC-IV,5,0.7000000000000001,0.8705980643560262
MIMIC-IV,5,0.71,0.8724625692778559
MIMIC-IV,5,0.72,0.8744379187691289
MIMIC-IV,5,0.73,0.8762048142939862
MIMIC-IV,5,0.74,0.8781338406816114
MIMIC-IV,5,0.75,0.8801356605178261
MIMIC-IV,5,0.76,0.8815104640582347
MIMIC-IV,5,0.77,0.883186367772355
MIMIC-IV,5,0.78,0.8849565720903301
MIMIC-IV,5,0.79,0.8866076598560675
MIMIC-IV,5,0.8,0.8888791463313757
MIMIC-IV,5,0.81,0.8905749028042022
MIMIC-IV,5,0.8200000000000001,0.8925634874679461
MIMIC-IV,5,0.8300000000000001,0.8943998676482753
MIMIC-IV,5,0.84,0.8966614277442303
MIMIC-IV,5,0.85,0.8989296054264208
MIMIC-IV,5,0.86,0.9015236992307056
MIMIC-IV,5,0.87,0.9040516171726363
MIMIC-IV,5,0.88,0.906625858218215
MIMIC-IV,5,0.89,0.9091901728844404
MIMIC-IV,5,0.9,0.9118653321201092
MIMIC-IV,5,0.91,0.9140904954917694
MIMIC-IV,5,0.92,0.9165323848126395
MIMIC-IV,5,0.93,0.9190156340474812
MIMIC-IV,5,0.9400000000000001,0.9215369344031764
MIMIC-IV,5,0.9500000000000001,0.9239606253618993
MIMIC-IV,5,0.96,0.9270229133923401
MIMIC-IV,5,0.97,0.9312416246174208
MIMIC-IV,5,0.98,0.932518818760857
MIMIC-IV,5,0.99,0.9445826784680288
MIMIC-IV,5,1,1
MIMIC-IV,6,0,0.7018529241459178
MIMIC-IV,6,0.01,0.7018529241459178
MIMIC-IV,6,0.02,0.7194970634461081
MIMIC-IV,6,0.03,0.7223724046653983
MIMIC-IV,6,0.04,0.7307155265117049
MIMIC-IV,6,0.05,0.7366663909339068
MIMIC-IV,6,0.06,0.7397253701712301
MIMIC-IV,6,0.07,0.7433882041525354
MIMIC-IV,6,0.08,0.746442220200182
MIMIC-IV,6,0.09,0.749274547108942
MIMIC-IV,6,0.1,0.7521399619488791
MIMIC-IV,6,0.11,0.7542592439407726
MIMIC-IV,6,0.12,0.7563752171395484
MIMIC-IV,6,0.13,0.7585077343039126
MIMIC-IV,6,0.14,0.7607295888824551
MIMIC-IV,6,0.15,0.7632029117379436
MIMIC-IV,6,0.16,0.7653933327818678
MIMIC-IV,6,0.17,0.7676168417569691
MIMIC-IV,6,0.18,0.7693986268508561
MIMIC-IV,6,0.19,0.7712184630655968
MIMIC-IV,6,0.2,0.7732120109190173
MIMIC-IV,6,0.21,0.7745686160972786
MIMIC-IV,6,0.22,0.7758838613615684
MIMIC-IV,6,0.23,0.7773943254198031
MIMIC-IV,6,0.24,0.7788965174952436
MIMIC-IV,6,0.25,0.7807064273306311
MIMIC-IV,6,0.26,0.7818247994044173
MIMIC-IV,6,0.27,0.7835387542393912
MIMIC-IV,6,0.28,0.7850607990735379
MIMIC-IV,6,0.29,0.7865365208040367
MIMIC-IV,6,0.3,0.7881842997766565
MIMIC-IV,6,0.31,0.7895955000413599
MIMIC-IV,6,0.32,0.79122838944495
MIMIC-IV,6,0.33,0.7929952849698073
MIMIC-IV,6,0.34,0.7948002316155183
MIMIC-IV,6,0.35000000000000003,0.7964728265365209
MIMIC-IV,6,0.36,0.7981503846471999
MIMIC-IV,6,0.37,0.7999784928447349
MIMIC-IV,6,0.38,0.8016229630242369
MIMIC-IV,6,0.39,0.8031913309620315
MIMIC-IV,6,0.4,0.8049085945901232
MIMIC-IV,6,0.41000000000000003,0.8061345024402349
MIMIC-IV,6,0.42,0.8073852262387294
MIMIC-IV,6,0.43,0.8086508396062536
MIMIC-IV,6,0.44,0.8099743568533377
MIMIC-IV,6,0.45,0.8110877657374472
MIMIC-IV,6,0.46,0.8121399619488792
MIMIC-IV,6,0.47000000000000003,0.8132632972123418
MIMIC-IV,6,0.48,0.8141947224749773
MIMIC-IV,6,0.49,0.8149673256679626
MIMIC-IV,6,0.5,0.8164777897261973
MIMIC-IV,6,0.51,0.8172189593845645
MIMIC-IV,6,0.52,0.8180180329224915
MIMIC-IV,6,0.53,0.8189544213748036
MIMIC-IV,6,0.54,0.8200595582761188
MIMIC-IV,6,0.55,0.8210521962114319
MIMIC-IV,6,0.56,0.8220663413020101
MIMIC-IV,6,0.5700000000000001,0.8232393084622384
MIMIC-IV,6,0.58,0.8244354371742907
MIMIC-IV,6,0.59,0.8255670444205476
MIMIC-IV,6,0.6,0.8271105964099594
MIMIC-IV,6,0.61,0.8282422036562164
MIMIC-IV,6,0.62,0.8296120440069484
MIMIC-IV,6,0.63,0.8309008189262966
MIMIC-IV,6,0.64,0.8322276449664985
MIMIC-IV,6,0.65,0.8335875589378774
MIMIC-IV,6,0.66,0.8347721068740177
MIMIC-IV,6,0.67,0.8362130862767806
MIMIC-IV,6,0.68,0.8376573744726611
MIMIC-IV,6,0.6900000000000001,0.839040449995864
MIMIC-IV,6,0.7000000000000001,0.8404483414674497
MIMIC-IV,6,0.71,0.8417900570766813
MIMIC-IV,6,0.72,0.843128463892795
MIMIC-IV,6,0.73,0.8444966498469684
MIMIC-IV,6,0.74,0.845917776491025
MIMIC-IV,6,0.75,0.8475208867565556
MIMIC-IV,6,0.76,0.8486276780544296
MIMIC-IV,6,0.77,0.8500504590950451
MIMIC-IV,6,0.78,0.8513938291008355
MIMIC-IV,6,0.79,0.8526478616924477
MIMIC-IV,6,0.8,0.8541268922160642
MIMIC-IV,6,0.81,0.8551890148068492
MIMIC-IV,6,0.8200000000000001,0.8565257672264042
MIMIC-IV,6,0.8300000000000001,0.8577218959384565
MIMIC-IV,6,0.84,0.8592472495657208
MIMIC-IV,6,0.85,0.8608735213830755
MIMIC-IV,6,0.86,0.862375713458516
MIMIC-IV,6,0.87,0.86375713458516
MIMIC-IV,6,0.88,0.8651716436429813
MIMIC-IV,6,0.89,0.8667102324427165
MIMIC-IV,6,0.9,0.8685797005542228
MIMIC-IV,6,0.91,0.870315162544462
MIMIC-IV,6,0.92,0.8722061378112334
MIMIC-IV,6,0.93,0.874221192819919
MIMIC-IV,6,0.9400000000000001,0.8765191496401687
MIMIC-IV,6,0.9500000000000001,0.8788270328397717
MIMIC-IV,6,0.96,0.8821407891471585
MIMIC-IV,6,0.97,0.8866771445115395
MIMIC-IV,6,0.98,0.8884572752088675
MIMIC-IV,6,0.99,0.8969492927454711
MIMIC-IV,6,1,1
eICU,2,0,0.419528264132066
eICU,2,0.01,0.419528264132066
eICU,2,0.02,0.4285382691345673
eICU,2,0.03,0.4299729864932466
eICU,2,0.04,0.43288194097048527
eICU,2,0.05,0.43451225612806404
eICU,2,0.06,0.4352511255627814
eICU,2,0.07,0.4362391195597799
eICU,2,0.08,0.4375352676338169
eICU,2,0.09,0.4391335667833917
eICU,2,0.1,0.4409504752376188
eICU,2,0.11,0.44252426213106555
eICU,2,0.12,0.4439774887443722
eICU,2,0.13,0.44542521260630313
eICU,2,0.14,0.44700200100050025
eICU,2,0.15,0.44936518259129565
eICU,2,0.16,0.45174037018509255
eICU,2,0.17,0.4546758379189595
eICU,2,0.18,0.4572366183091546
eICU,2,0.19,0.45993346673336666
eICU,2,0.2,0.46279289644822413
eICU,2,0.21,0.4647408704352176
eICU,2,0.22,0.46670685342671336
eICU,2,0.23,0.4689234617308654
eICU,2,0.24,0.4708869434717359
eICU,2,0.25,0.47319509754877437
eICU,2,0.26,0.47468184092046023
eICU,2,0.27,0.4766858429214607
eICU,2,0.28,0.4783526763381691
eICU,2,0.29,0.47995897948974486
eICU,2,0.3,0.48155777888944473
eICU,2,0.31,0.4827538769384692
eICU,2,0.32,0.4839944972486243
eICU,2,0.33,0.4851640820410205
eICU,2,0.34,0.4862526263131566
eICU,2,0.35000000000000003,0.48718409204602303
eICU,2,0.36,0.4879879939969985
eICU,2,0.37,0.48888344172086046
eICU,2,0.38,0.4896858429214607
eICU,2,0.39,0.4905022511255628
eICU,2,0.4,0.49140770385192595
eICU,2,0.41000000000000003,0.4921285642821411
eICU,2,0.42,0.49288894447223613
eICU,2,0.43,0.49363931965982993
eICU,2,0.44,0.4944117058529265
eICU,2,0.45,0.49523061530765383
eICU,2,0.46,0.4958954477238619
eICU,2,0.47000000000000003,0.49674037018509254
eICU,2,0.48,0.4974567283641821
eICU,2,0.49,0.4981090545272636
eICU,2,0.5,0.4994022011005503
eICU,2,0.51,0.5000550275137569
eICU,2,0.52,0.5007173586793396
eICU,2,0.53,0.5014212106053026
eICU,2,0.54,0.5022871435717859
eICU,2,0.55,0.5030375187593797
eICU,2,0.56,0.5037483741870935
eICU,2,0.5700000000000001,0.5045572786393197
eICU,2,0.58,0.5053226613306653
eICU,2,0.59,0.5060550275137569
eICU,2,0.6,0.5069969984992496
eICU,2,0.61,0.5076893446723362
eICU,2,0.62,0.5084852426213107
eICU,2,0.63,0.5092806403201601
eICU,2,0.64,0.5101260630315158
eICU,2,0.65,0.5110470235117559
eICU,2,0.66,0.5118689344672336
eICU,2,0.67,0.5129184592296148
eICU,2,0.68,0.5140590295147573
eICU,2,0.6900000000000001,0.5152621310655328
eICU,2,0.7000000000000001,0.5166533266633316
eICU,2,0.71,0.5180665332666333
eICU,2,0.72,0.5196168084042021
eICU,2,0.73,0.5212296148074037
eICU,2,0.74,0.5231630815407704
eICU,2,0.75,0.525440220110055
eICU,2,0.76,0.5269979989994997
eICU,2,0.77,0.5289464732366184
eICU,2,0.78,0.531136568284142
eICU,2,0.79,0.5331320660330165
eICU,2,0.8,0.5358344172086043
eICU,2,0.81,0.5378614307153576
eICU,2,0.8200000000000001,0.5404427213606804
eICU,2,0.8300000000000001,0.5429014507253627
eICU,2,0.84,0.5456778389194598
eICU,2,0.85,0.5482496248124062
eICU,2,0.86,0.5503586793396699
eICU,2,0.87,0.5519884942471236
eICU,2,0.88,0.5534827413706853
eICU,2,0.89,0.5549214607303652
eICU,2,0.9,0.556735867933967
eICU,2,0.91,0.5583716858429214
eICU,2,0.92,0.5600440220110054
eICU,2,0.93,0.5613811905952977
eICU,2,0.9400000000000001,0.5624597298649324
eICU,2,0.9500000000000001,0.5633866933466734
eICU,2,0.96,0.5648529264632316
eICU,2,0.97,0.567719859929965
eICU,2,0.98,0.568991995997999
eICU,2,0.99,0.5781720860430215
eICU,2,1,1
eICU,3,0,0.5627508754377188
eICU,3,0.01,0.5627508754377188
eICU,3,0.02,0.5769504752376188
eICU,3,0.03,0.5793766883441721
eICU,3,0.04,0.5855212606303152
eICU,3,0.05,0.5908554277138569
eICU,3,0.06,0.5932916458229115
eICU,3,0.07,0.5964727363681841
eICU,3,0.08,0.5989589794897449
eICU,3,0.09,0.6009774887443722
eICU,3,0.1,0.6028469234617309
eICU,3,0.11,0.6043856928464232
eICU,3,0.12,0.6057638819409705
eICU,3,0.13,0.6069399699849924
eICU,3,0.14,0.6079889944972486
eICU,3,0.15,0.6090975487743872
eICU,3,0.16,0.6101070535267634
eICU,3,0.17,0.6112121060530266
eICU,3,0.18,0.6122296148074037
eICU,3,0.19,0.6133581790895448
eICU,3,0.2,0.6146313156578289
eICU,3,0.21,0.6155432716358179
eICU,3,0.22,0.6164667333666833
eICU,3,0.23,0.6176138069034517
eICU,3,0.24,0.6186953476738369
eICU,3,0.25,0.6199884942471235
eICU,3,0.26,0.6209009504752376
eICU,3,0.27,0.6222006003001501
eICU,3,0.28,0.6235192596298149
eICU,3,0.29,0.62489644822411206
eICU,3,0.3,0.6265162581290645
eICU,3,0.31,0.6278419209604802
eICU,3,0.32,0.6293151575787894
eICU,3,0.33,0.6307943971985993
eICU,3,0.34,0.6323426713356678
eICU,3,0.35000000000000003,0.633816408204102
eICU,3,0.36,0.6351975987993997
eICU,3,0.37,0.6367353676838419
eICU,3,0.38,0.6383136568284142
eICU,3,0.39,0.6400635317658829
eICU,3,0.4,0.6420835417708854
eICU,3,0.41000000000000003,0.6437988994497249
eICU,3,0.42,0.645687843921961
eICU,3,0.43,0.6477548774387194
eICU,3,0.44,0.6498584292146073
eICU,3,0.45,0.6520340170085043
eICU,3,0.46,0.6539224612306153
eICU,3,0.47000000000000003,0.6560295147573787
eICU,3,0.48,0.6577218609304653
eICU,3,0.49,0.6590465232616308
eICU,3,0.5,0.6615582791395698
eICU,3,0.51,0.6628484242121061
eICU,3,0.52,0.6641540770385193
eICU,3,0.53,0.6657868934467234
eICU,3,0.54,0.6678529264632316
eICU,3,0.55,0.6698574287143572
eICU,3,0.56,0.6718414207103551
eICU,3,0.5700000000000001,0.6740745372686343
eICU,3,0.58,0.676136568284142
eICU,3,0.59,0.6780620310155078
eICU,3,0.6,0.6805177588794398
eICU,3,0.61,0.6821675837918959
eICU,3,0.62,0.6840755377688844
eICU,3,0.63,0.6858004002001
eICU,3,0.64,0.6874907453726864
eICU,3,0.65,0.6890375187593797
eICU,3,0.66,0.6903971985992996
eICU,3,0.67,0.6920255127563781
eICU,3,0.68,0.693623811905953
eICU,3,0.6900000000000001,0.6952541270635317
eICU,3,0.7000000000000001,0.6968819409704853
eICU,3,0.71,0.6982166083041521
eICU,3,0.72,0.6994552276138069
eICU,3,0.73,0.7006033016508254
eICU,3,0.74,0.7017478739369685
eICU,3,0.75,0.7028554277138569
eICU,3,0.76,0.703552276138069
eICU,3,0.77,0.7044127063531765
eICU,3,0.78,0.7053776888444222
eICU,3,0.79,0.706224112056028
eICU,3,0.8,0.707440220110055
eICU,3,0.81,0.7083456728364182
eICU,3,0.8200000000000001,0.7094607303651826
eICU,3,0.8300000000000001,0.7105672836418209
eICU,3,0.84,0.7117958979489745
eICU,3,0.85,0.7129269634817409
eICU,3,0.86,0.713999499749875
eICU,3,0.87,0.7150075037518759
eICU,3,0.88,0.716080540270135
eICU,3,0.89,0.7171895947973987
eICU,3,0.9,0.7185642821410705
eICU,3,0.91,0.7197063531765883
eICU,3,0.92,0.7212451225612806
eICU,3,0.93,0.7232761380690346
eICU,3,0.9400000000000001,0.7260180090045022
eICU,3,0.9500000000000001,0.7284147073536769
eICU,3,0.96,0.7324277138569285
eICU,3,0.97,0.7375692846423212
eICU,3,0.98,0.7395142571285643
eICU,3,0.99,0.7521610805402701
eICU,3,1,1
eICU,4,0,0.6230500250125063
eICU,4,0.01,0.6230500250125063
eICU,4,0.02,0.643544272136068
eICU,4,0.03,0.647424712356178
eICU,4,0.04,0.6576693346673337
eICU,4,0.05,0.6661340670335167
eICU,4,0.06,0.6697418709354678
eICU,4,0.07,0.6738924462231115
eICU,4,0.08,0.6771585792896448
eICU,4,0.09,0.6798874437218609
eICU,4,0.1,0.6825872936468234
eICU,4,0.11,0.6847943971985992
eICU,4,0.12,0.6870035017508754
eICU,4,0.13,0.6892106053026513
eICU,4,0.14,0.6914602301150575
eICU,4,0.15,0.6938604302151076
eICU,4,0.16,0.6958614307153577
eICU,4,0.17,0.6980070035017508
eICU,4,0.18,0.6997623811905953
eICU,4,0.19,0.7015982991495748
eICU,4,0.2,0.7035402701350675
eICU,4,0.21,0.7048924462231115
eICU,4,0.22,0.7061840920460231
eICU,4,0.23,0.707583791895948
eICU,4,0.24,0.7089929964982491
eICU,4,0.25,0.7106148074037019
eICU,4,0.26,0.7117018509254628
eICU,4,0.27,0.7131740870435218
eICU,4,0.28,0.7144512256128064
eICU,4,0.29,0.715719859929965
eICU,4,0.3,0.7170010005002502
eICU,4,0.31,0.7180590295147574
eICU,4,0.32,0.7193131565782891
eICU,4,0.33,0.7205587793896948
eICU,4,0.34,0.7218364182091046
eICU,4,0.35000000000000003,0.723007503751876
eICU,4,0.36,0.7240970485242622
eICU,4,0.37,0.725271635817909
eICU,4,0.38,0.7263266633316658
eICU,4,0.39,0.7274612306153077
eICU,4,0.4,0.7287578789394697
eICU,4,0.41000000000000003,0.7297708854427214
eICU,4,0.42,0.730847423711856
eICU,4,0.43,0.7319384692346174
eICU,4,0.44,0.7330685342671336
eICU,4,0.45,0.7342276138069035
eICU,4,0.46,0.7352121060530266
eICU,4,0.47000000000000003,0.7364592296148074
eICU,4,0.48,0.7375012506253127
eICU,4,0.49,0.7383656828414207
eICU,4,0.5,0.7402696348174087
eICU,4,0.51,0.7412306153076538
eICU,4,0.52,0.7421845922961481
eICU,4,0.53,0.7433536768384192
eICU,4,0.54,0.7446943471735868
eICU,4,0.55,0.745856428214107
eICU,4,0.56,0.7470050025012506
eICU,4,0.5700000000000001,0.7483006503251626
eICU,4,0.58,0.7495087543771886
eICU,4,0.59,0.7506773386693346
eICU,4,0.6,0.7522326163081541
eICU,4,0.61,0.7532926463231616
eICU,4,0.62,0.7545787893946974
eICU,4,0.63,0.7557778889444723
eICU,4,0.64,0.7570595297648824
eICU,4,0.65,0.7582781390695348
eICU,4,0.66,0.7593641820910455
eICU,4,0.67,0.7605507753876939
eICU,4,0.68,0.7617373686843422
eICU,4,0.6900000000000001,0.7628124062031015
eICU,4,0.7000000000000001,0.763855427713857
eICU,4,0.71,0.7648094047023511
eICU,4,0.72,0.7657853926963482
eICU,4,0.73,0.7667863931965982
eICU,4,0.74,0.7679309654827414
eICU,4,0.75,0.7692336168084042
eICU,4,0.76,0.7701495747873937
eICU,4,0.77,0.771335167583792
eICU,4,0.78,0.7726483241620811
eICU,4,0.79,0.7738659329664832
eICU,4,0.8,0.7756043021510756
eICU,4,0.81,0.7769714857428714
eICU,4,0.8200000000000001,0.7786753376688345
eICU,4,0.8300000000000001,0.7803266633316658
eICU,4,0.84,0.7822641320660331
eICU,4,0.85,0.7842671335667833
eICU,4,0.86,0.7862871435717859
eICU,4,0.87,0.7881760880440221
eICU,4,0.88,0.7900735367683842
eICU,4,0.89,0.7919934967483742
eICU,4,0.9,0.7943986993496749
eICU,4,0.91,0.796623811905953
eICU,4,0.92,0.799440220110055
eICU,4,0.93,0.802767883941971
eICU,4,0.9400000000000001,0.8068119059529765
eICU,4,0.9500000000000001,0.8105032516258129
eICU,4,0.96,0.8167373686843422
eICU,4,0.97,0.8253096548274137
eICU,4,0.98,0.8283946973486743
eICU,4,0.99,0.8437128564282141
eICU,4,1,1
eICU,5,0,0.5419744872436218
eICU,5,0.01,0.5419744872436218
eICU,5,0.02,0.5738289144572286
eICU,5,0.03,0.5805182591295648
eICU,5,0.04,0.5965292646323161
eICU,5,0.05,0.6113626813406703
eICU,5,0.06,0.6183041520760381
eICU,5,0.07,0.6273481740870436
eICU,5,0.08,0.6347423711855928
eICU,5,0.09,0.6407813906953477
eICU,5,0.1,0.6464927463731865
eICU,5,0.11,0.6509634817408705
eICU,5,0.12,0.6551635817908954
eICU,5,0.13,0.6591815907953977
eICU,5,0.14,0.6628114057028515
eICU,5,0.15,0.6666873436718359
eICU,5,0.16,0.6698289144572286
eICU,5,0.17,0.6732626313156578
eICU,5,0.18,0.6761615807903952
eICU,5,0.19,0.6795112556278139
eICU,5,0.2,0.6835967983991996
eICU,5,0.21,0.6868209104552276
eICU,5,0.22,0.690464232116058
eICU,5,0.23,0.694927463731866
eICU,5,0.24,0.6995982991495748
eICU,5,0.25,0.7054937468734367
eICU,5,0.26,0.7095882941470736
eICU,5,0.27,0.7152166083041521
eICU,5,0.28,0.7204407203601801
eICU,5,0.29,0.725607803901951
eICU,5,0.3,0.7312871435717859
eICU,5,0.31,0.7359069534767384
eICU,5,0.32,0.7408679339669835
eICU,5,0.33,0.7455877938969485
eICU,5,0.34,0.7498909454727364
eICU,5,0.35000000000000003,0.7535487743871936
eICU,5,0.36,0.7566613306653327
eICU,5,0.37,0.7597993996998499
eICU,5,0.38,0.7626048024012007
eICU,5,0.39,0.7651925962981491
eICU,5,0.4,0.7679709854927463
eICU,5,0.41000000000000003,0.7700185092546273
eICU,5,0.42,0.7721000500250125
eICU,5,0.43,0.774088544272136
eICU,5,0.44,0.7762476238119059
eICU,5,0.45,0.778351675837919
eICU,5,0.46,0.7800920460230115
eICU,5,0.47000000000000003,0.78216008004002
eICU,5,0.48,0.783912456228114
eICU,5,0.49,0.7852856428214107
eICU,5,0.5,0.7880105052526263
eICU,5,0.51,0.7893651825912956
eICU,5,0.52,0.79075987993997
eICU,5,0.53,0.7924862431215608
eICU,5,0.54,0.7944542271135567
eICU,5,0.55,0.7963561780890446
eICU,5,0.56,0.7982736368184092
eICU,5,0.5700000000000001,0.8003656828414207
eICU,5,0.58,0.8024222111055528
eICU,5,0.59,0.8044632316158079
eICU,5,0.6,0.8073956978489245
eICU,5,0.61,0.8095732866433216
eICU,5,0.62,0.8124292146073037
eICU,5,0.63,0.8154472236118059
eICU,5,0.64,0.8189259629814908
eICU,5,0.65,0.822784392196098
eICU,5,0.66,0.82640020010005
eICU,5,0.67,0.8309829914957478
eICU,5,0.68,0.8359169584792396
eICU,5,0.6900000000000001,0.8408344172086043
eICU,5,0.7000000000000001,0.8462946473236619
eICU,5,0.71,0.8511815907953977
eICU,5,0.72,0.8563276638319159
eICU,5,0.73,0.8612676338169084
eICU,5,0.74,0.8665497748874437
eICU,5,0.75,0.8720310155077539
eICU,5,0.76,0.8754592296148074
eICU,5,0.77,0.879319659829915
eICU,5,0.78,0.8829659829914958
eICU,5,0.79,0.8857473736868434
eICU,5,0.8,0.8889064532266133
eICU,5,0.81,0.8909804902451226
eICU,5,0.8200000000000001,0.8933211605802901
eICU,5,0.8300000000000001,0.8952641320660331
eICU,5,0.84,0.8975752876438219
eICU,5,0.85,0.8999469734867434
eICU,5,0.86,0.9024582291145573
eICU,5,0.87,0.9050430215107553
eICU,5,0.88,0.9080680340170085
eICU,5,0.89,0.9113071535767884
eICU,5,0.9,0.9154857428714357
eICU,5,0.91,0.9195142571285643
eICU,5,0.92,0.9245102551275638
eICU,5,0.93,0.9305172586293147
eICU,5,0.9400000000000001,0.9370900450225113
eICU,5,0.9500000000000001,0.942567783891946
eICU,5,0.96,0.9512211105552777
eICU,5,0.97,0.9602866433216608
eICU,5,0.98,0.964032516258129
eICU,5,0.99,0.9764307153576789
eICU,5,1,1
eICU,6,0,0.6169034517258629
eICU,6,0.01,0.6169034517258629
eICU,6,0.02,0.6474072036018009
eICU,6,0.03,0.6515402701350675
eICU,6,0.04,0.6616773386693346
eICU,6,0.05,0.6696648324162081
eICU,6,0.06,0.6741420710355177
eICU,6,0.07,0.6798514257128564
eICU,6,0.08,0.68483991995998
eICU,6,0.09,0.6894007003501751
eICU,6,0.1,0.6939744872436218
eICU,6,0.11,0.697655827913957
eICU,6,0.12,0.701192096048024
eICU,6,0.13,0.7045487743871935
eICU,6,0.14,0.7077303651825912
eICU,6,0.15,0.71129964982491245
eICU,6,0.16,0.7142351175587794
eICU,6,0.17,0.7172541270635318
eICU,6,0.18,0.7197723861930966
eICU,6,0.19,0.7223966983491746
eICU,6,0.2,0.7253396698349175
eICU,6,0.21,0.7273956978489244
eICU,6,0.22,0.7295232616308154
eICU,6,0.23,0.7320025012506253
eICU,6,0.24,0.734352176088044
eICU,6,0.25,0.737047523761881
eICU,6,0.26,0.7388904452226113
eICU,6,0.27,0.7414702351175588
eICU,6,0.28,0.7438549274637318
eICU,6,0.29,0.7463321660830415
eICU,6,0.3,0.7491385692846423
eICU,6,0.31,0.7513791895947974
eICU,6,0.32,0.7539004502251125
eICU,6,0.33,0.7565617808904452
eICU,6,0.34,0.7593466733366684
eICU,6,0.35000000000000003,0.7621225612806403
eICU,6,0.36,0.7648764382191096
eICU,6,0.37,0.7681280640320161
eICU,6,0.38,0.7716748374187093
eICU,6,0.39,0.7756888444222111
eICU,6,0.4,0.78064032016008
eICU,6,0.41000000000000003,0.7848209104552276
eICU,6,0.42,0.7893471735867934
eICU,6,0.43,0.7940990495247624
eICU,6,0.44,0.7991675837918959
eICU,6,0.45,0.804160580290145
eICU,6,0.46,0.8084677338669335
eICU,6,0.47000000000000003,0.8133261630815408
eICU,6,0.48,0.8174912456228114
eICU,6,0.49,0.8208614307153577
eICU,6,0.5,0.8275037518759379
eICU,6,0.51,0.8308549274637319
eICU,6,0.52,0.8343346673336668
eICU,6,0.53,0.8385742871435717
eICU,6,0.54,0.8437213606803402
eICU,6,0.55,0.848488244122061
eICU,6,0.56,0.8531750875437719
eICU,6,0.5700000000000001,0.8581975987993997
eICU,6,0.58,0.8628554277138569
eICU,6,0.59,0.8670940470235118
eICU,6,0.6,0.8723061530765382
eICU,6,0.61,0.875511755877939
eICU,6,0.62,0.8790005002501251
eICU,6,0.63,0.8821770885442721
eICU,6,0.64,0.8849549774887444
eICU,6,0.65,0.8874842421210606
eICU,6,0.66,0.8895152576288144
eICU,6,0.67,0.8918389194597298
eICU,6,0.68,0.8941205602801401
eICU,6,0.6900000000000001,0.8962651325662832
eICU,6,0.7000000000000001,0.8984997498749374
eICU,6,0.71,0.9004792396198099
eICU,6,0.72,0.902504252126063
eICU,6,0.73,0.9044302151075537
eICU,6,0.74,0.9064077038519259
eICU,6,0.75,0.9084917458729365
eICU,6,0.76,0.909840420210105
eICU,6,0.77,0.911496248124062
eICU,6,0.78,0.9132151075537769
eICU,6,0.79,0.9147753876938469
eICU,6,0.8,0.916855927963982
eICU,6,0.81,0.9184172086043022
eICU,6,0.8200000000000001,0.920336668334167
eICU,6,0.8300000000000001,0.9222411205602802
eICU,6,0.84,0.9244357178589294
eICU,6,0.85,0.9266898449224612
eICU,6,0.86,0.9290345172586293
eICU,6,0.87,0.9310985492746373
eICU,6,0.88,0.9333106553276639
eICU,6,0.89,0.935383691845923
eICU,6,0.9,0.937727363681841
eICU,6,0.91,0.9399494747373687
eICU,6,0.92,0.9424707353676839
eICU,6,0.93,0.9452006003001501
eICU,6,0.9400000000000001,0.9482856428214107
eICU,6,0.9500000000000001,0.9508579289644823
eICU,6,0.96,0.9546843421710856
eICU,6,0.97,0.9594952476238119
eICU,6,0.98,0.9614067033516759
eICU,6,0.99,0.9726428214107053
eICU,6,1,1
