"stage","script","requires","output"
"nhanes","01_nhanes_albumin_analysis.R","NHANES eligible RDS and XPT cache","output/nhanes_albumin_amendment17_2026-08-30"
"mimic","02_mimic_albumin_analysis.R","MIMIC denominator and official OASIS/SOFA scores","output/mimic_albumin_primary_2026-08-30"
"eicu","03_eicu_albumin_analysis.R","eICU denominator and APACHE source","output/eicu_albumin_amendment17_2026-08-30"
"structural","04_cross_database_structural_sensitivity.R","outputs from nhanes, mimic, and eicu","output/cross_database_structural_sensitivity_2026-08-30"
"verify","05_verify_key_results.R","aggregate output tables from all stages","output/release_verification/KEY_RESULT_VERIFICATION.csv"
"pni","../82_NHANES_PNI_HALP_robust_benchmark.R","NHANES primary output","output/nhanes_pni_halp_amendment20_2026-08-30"
"resolution","../86_K_resolution_sensitivity_2026-08-30.R","primary outputs; eICU denominator and raw APACHE IVa source","output/k_resolution_sensitivity_2026-08-30"
"kselection","../87_K_selection_diagnostics_2026-08-30.R","primary outputs; eICU denominator","output/k_selection_diagnostics_amendment21_2026-08-30"
"reviewer","../87_post_result_reviewer_sensitivities_2026-08-30.R","primary outputs; eICU denominator and raw or audited APACHE source","output/amendment22_reviewer_sensitivities_2026-08-31"
